id,attributes,currency,price,product_id,store_id
1,"{""fulfillment"": ""Standard Delivery"", ""inventory_bucket"": ""LOW"", ""seller_score"": 4.69, ""estimated_cost_price"": 262.96}",INR,303,1,14
2,"{""fulfillment"": ""Seller Fulfilled"", ""inventory_bucket"": ""LOW"", ""seller_score"": 4.8, ""estimated_cost_price"": 262.88}",INR,306,1,40
3,"{""fulfillment"": ""Seller Fulfilled"", ""inventory_bucket"": ""HIGH"", ""seller_score"": 4.62, ""estimated_cost_price"": 261.29}",INR,316,1,42
4,"{""fulfillment"": ""Standard Delivery"", ""inventory_bucket"": ""MEDIUM"", ""seller_score"": 4.87, ""estimated_cost_price"": 308.8}",INR,334,1,7
5,"{""fulfillment"": ""Seller Fulfilled"", ""inventory_bucket"": ""MEDIUM"", ""seller_score"": 4.49, ""estimated_cost_price"": 262.32}",INR,311,1,29
6,"{""fulfillment"": ""Seller Fulfilled"", ""inventory_bucket"": ""HIGH"", ""seller_score"": 4.78, ""estimated_cost_price"": 1768.41}",INR,2246,2,42
7,"{""fulfillment"": ""Next Day"", ""inventory_bucket"": ""MEDIUM"", ""seller_score"": 4.87, ""estimated_cost_price"": 2027.42}",INR,2221,2,41
8,"{""fulfillment"": ""Fast Delivery"", ""inventory_bucket"": ""HIGH"", ""seller_score"": 4.7, ""estimated_cost_price"": 1667.15}",INR,2104,2,1
9,"{""fulfillment"": ""Next Day"", ""inventory_bucket"": ""MEDIUM"", ""seller_score"": 4.21, ""estimated_cost_price"": 1524.14}",INR,1654,3,26
10,"{""fulfillment"": ""Next Day"", ""inventory_bucket"": ""MEDIUM"", ""seller_score"": 4.32, ""estimated_cost_price"": 2187.51}",INR,2729,3,37
11,"{""fulfillment"": ""Seller Fulfilled"", ""inventory_bucket"": ""HIGH"", ""seller_score"": 4.65, ""estimated_cost_price"": 2316.14}",INR,2759,3,1
12,"{""fulfillment"": ""Fast Delivery"", ""inventory_bucket"": ""LOW"", ""seller_score"": 4.54, ""estimated_cost_price"": 1991.1}",INR,2241,3,33
13,"{""fulfillment"": ""Standard Delivery"", ""inventory_bucket"": ""MEDIUM"", ""seller_score"": 4.41, ""estimated_cost_price"": 699.85}",INR,875,4,45
14,"{""fulfillment"": ""Standard Delivery"", ""inventory_bucket"": ""MEDIUM"", ""seller_score"": 4.03, ""estimated_cost_price"": 526.61}",INR,643,4,53
15,"{""fulfillment"": ""Seller Fulfilled"", ""inventory_bucket"": ""HIGH"", ""seller_score"": 4.37, ""estimated_cost_price"": 673.54}",INR,774,4,50
16,"{""fulfillment"": ""Seller Fulfilled"", ""inventory_bucket"": ""MEDIUM"", ""seller_score"": 4.08, ""estimated_cost_price"": 761.34}",INR,897,4,31
17,"{""fulfillment"": ""Standard Delivery"", ""inventory_bucket"": ""LOW"", ""seller_score"": 3.94, ""estimated_cost_price"": 589.37}",INR,652,4,8
18,"{""fulfillment"": ""Fast Delivery"", ""inventory_bucket"": ""HIGH"", ""seller_score"": 3.99, ""estimated_cost_price"": 106.43}",INR,129,5,49
19,"{""fulfillment"": ""Seller Fulfilled"", ""inventory_bucket"": ""MEDIUM"", ""seller_score"": 4.03, ""estimated_cost_price"": 112.55}",INR,132,5,50
20,"{""fulfillment"": ""Fast Delivery"", ""inventory_bucket"": ""MEDIUM"", ""seller_score"": 4.81, ""estimated_cost_price"": 97.41}",INR,122,5,19
21,"{""fulfillment"": ""Next Day"", ""inventory_bucket"": ""LOW"", ""seller_score"": 4.48, ""estimated_cost_price"": 142.27}",INR,167,5,42
22,"{""fulfillment"": ""Standard Delivery"", ""inventory_bucket"": ""MEDIUM"", ""seller_score"": 4.39, ""estimated_cost_price"": 97.24}",INR,115,5,13
23,"{""fulfillment"": ""Fast Delivery"", ""inventory_bucket"": ""LOW"", ""seller_score"": 4.03, ""estimated_cost_price"": 2928.55}",INR,3351,6,41
24,"{""fulfillment"": ""Seller Fulfilled"", ""inventory_bucket"": ""LOW"", ""seller_score"": 4.39, ""estimated_cost_price"": 3704.35}",INR,4065,6,29
25,"{""fulfillment"": ""Fast Delivery"", ""inventory_bucket"": ""MEDIUM"", ""seller_score"": 4.19, ""estimated_cost_price"": 1646.39}",INR,1966,7,47
26,"{""fulfillment"": ""Next Day"", ""inventory_bucket"": ""LOW"", ""seller_score"": 4.11, ""estimated_cost_price"": 1493.83}",INR,1669,7,38
27,"{""fulfillment"": ""Next Day"", ""inventory_bucket"": ""LOW"", ""seller_score"": 4.87, ""estimated_cost_price"": 1493.29}",INR,1732,8,32
28,"{""fulfillment"": ""Seller Fulfilled"", ""inventory_bucket"": ""MEDIUM"", ""seller_score"": 4.11, ""estimated_cost_price"": 1645.16}",INR,1965,8,35
29,"{""fulfillment"": ""Seller Fulfilled"", ""inventory_bucket"": ""MEDIUM"", ""seller_score"": 4.12, ""estimated_cost_price"": 1701.39}",INR,2045,8,54
30,"{""fulfillment"": ""Seller Fulfilled"", ""inventory_bucket"": ""MEDIUM"", ""seller_score"": 4.89, ""estimated_cost_price"": 1835.99}",INR,2006,8,52
31,"{""fulfillment"": ""Next Day"", ""inventory_bucket"": ""HIGH"", ""seller_score"": 4.18, ""estimated_cost_price"": 1177.57}",INR,1369,9,14
32,"{""fulfillment"": ""Fast Delivery"", ""inventory_bucket"": ""HIGH"", ""seller_score"": 4.62, ""estimated_cost_price"": 1612.96}",INR,1763,9,52
33,"{""fulfillment"": ""Fast Delivery"", ""inventory_bucket"": ""MEDIUM"", ""seller_score"": 4.53, ""estimated_cost_price"": 1122.3}",INR,1395,10,5
34,"{""fulfillment"": ""Seller Fulfilled"", ""inventory_bucket"": ""MEDIUM"", ""seller_score"": 4.13, ""estimated_cost_price"": 1271.9}",INR,1491,10,3
35,"{""fulfillment"": ""Seller Fulfilled"", ""inventory_bucket"": ""LOW"", ""seller_score"": 3.93, ""estimated_cost_price"": 1166.64}",INR,1406,10,48
36,"{""fulfillment"": ""Seller Fulfilled"", ""inventory_bucket"": ""MEDIUM"", ""seller_score"": 4.67, ""estimated_cost_price"": 1271.72}",INR,1601,11,1
37,"{""fulfillment"": ""Seller Fulfilled"", ""inventory_bucket"": ""MEDIUM"", ""seller_score"": 4.18, ""estimated_cost_price"": 1085.94}",INR,1363,11,12
38,"{""fulfillment"": ""Fast Delivery"", ""inventory_bucket"": ""HIGH"", ""seller_score"": 4.59, ""estimated_cost_price"": 1174.8}",INR,1323,11,41
39,"{""fulfillment"": ""Seller Fulfilled"", ""inventory_bucket"": ""MEDIUM"", ""seller_score"": 4.44, ""estimated_cost_price"": 640.6}",INR,808,12,53
40,"{""fulfillment"": ""Fast Delivery"", ""inventory_bucket"": ""LOW"", ""seller_score"": 4.76, ""estimated_cost_price"": 518.49}",INR,562,12,7
41,"{""fulfillment"": ""Next Day"", ""inventory_bucket"": ""MEDIUM"", ""seller_score"": 4.27, ""estimated_cost_price"": 965.9}",INR,1160,13,28
42,"{""fulfillment"": ""Seller Fulfilled"", ""inventory_bucket"": ""HIGH"", ""seller_score"": 4.81, ""estimated_cost_price"": 777.84}",INR,859,13,22
43,"{""fulfillment"": ""Fast Delivery"", ""inventory_bucket"": ""MEDIUM"", ""seller_score"": 4.17, ""estimated_cost_price"": 757.17}",INR,818,13,52
44,"{""fulfillment"": ""Fast Delivery"", ""inventory_bucket"": ""MEDIUM"", ""seller_score"": 4.3, ""estimated_cost_price"": 305.5}",INR,344,14,49
45,"{""fulfillment"": ""Seller Fulfilled"", ""inventory_bucket"": ""LOW"", ""seller_score"": 3.81, ""estimated_cost_price"": 266.49}",INR,322,14,3
46,"{""fulfillment"": ""Standard Delivery"", ""inventory_bucket"": ""LOW"", ""seller_score"": 4.45, ""estimated_cost_price"": 237.68}",INR,281,14,38
47,"{""fulfillment"": ""Fast Delivery"", ""inventory_bucket"": ""HIGH"", ""seller_score"": 4.42, ""estimated_cost_price"": 1361.3}",INR,1599,15,11
48,"{""fulfillment"": ""Seller Fulfilled"", ""inventory_bucket"": ""LOW"", ""seller_score"": 4.0, ""estimated_cost_price"": 1752.07}",INR,1947,15,45
49,"{""fulfillment"": ""Seller Fulfilled"", ""inventory_bucket"": ""HIGH"", ""seller_score"": 4.59, ""estimated_cost_price"": 1352.96}",INR,1503,15,24
50,"{""fulfillment"": ""Next Day"", ""inventory_bucket"": ""LOW"", ""seller_score"": 4.0, ""estimated_cost_price"": 1411.77}",INR,1751,15,36
51,"{""fulfillment"": ""Seller Fulfilled"", ""inventory_bucket"": ""MEDIUM"", ""seller_score"": 4.53, ""estimated_cost_price"": 1954.21}",INR,2266,15,29
52,"{""fulfillment"": ""Seller Fulfilled"", ""inventory_bucket"": ""HIGH"", ""seller_score"": 4.44, ""estimated_cost_price"": 135.44}",INR,151,16,1
53,"{""fulfillment"": ""Standard Delivery"", ""inventory_bucket"": ""MEDIUM"", ""seller_score"": 4.49, ""estimated_cost_price"": 145.11}",INR,164,16,12
54,"{""fulfillment"": ""Standard Delivery"", ""inventory_bucket"": ""HIGH"", ""seller_score"": 4.34, ""estimated_cost_price"": 8692.32}",INR,10898,17,45
55,"{""fulfillment"": ""Next Day"", ""inventory_bucket"": ""MEDIUM"", ""seller_score"": 3.95, ""estimated_cost_price"": 9573.72}",INR,10833,17,9
56,"{""fulfillment"": ""Fast Delivery"", ""inventory_bucket"": ""LOW"", ""seller_score"": 4.43, ""estimated_cost_price"": 9465.4}",INR,10446,17,14
57,"{""fulfillment"": ""Seller Fulfilled"", ""inventory_bucket"": ""HIGH"", ""seller_score"": 4.76, ""estimated_cost_price"": 8446.4}",INR,10642,17,10
58,"{""fulfillment"": ""Fast Delivery"", ""inventory_bucket"": ""HIGH"", ""seller_score"": 3.85, ""estimated_cost_price"": 9033.88}",INR,10694,17,41
59,"{""fulfillment"": ""Standard Delivery"", ""inventory_bucket"": ""MEDIUM"", ""seller_score"": 4.59, ""estimated_cost_price"": 1115.34}",INR,1284,18,40
60,"{""fulfillment"": ""Next Day"", ""inventory_bucket"": ""LOW"", ""seller_score"": 4.09, ""estimated_cost_price"": 1147.44}",INR,1246,18,6
61,"{""fulfillment"": ""Fast Delivery"", ""inventory_bucket"": ""LOW"", ""seller_score"": 4.6, ""estimated_cost_price"": 1112.0}",INR,1218,18,41
62,"{""fulfillment"": ""Seller Fulfilled"", ""inventory_bucket"": ""HIGH"", ""seller_score"": 4.45, ""estimated_cost_price"": 926.15}",INR,1051,18,53
63,"{""fulfillment"": ""Seller Fulfilled"", ""inventory_bucket"": ""HIGH"", ""seller_score"": 4.76, ""estimated_cost_price"": 868.04}",INR,1032,18,51
64,"{""fulfillment"": ""Next Day"", ""inventory_bucket"": ""HIGH"", ""seller_score"": 4.89, ""estimated_cost_price"": 295.18}",INR,332,19,49
65,"{""fulfillment"": ""Fast Delivery"", ""inventory_bucket"": ""MEDIUM"", ""seller_score"": 4.57, ""estimated_cost_price"": 333.54}",INR,362,19,35
66,"{""fulfillment"": ""Seller Fulfilled"", ""inventory_bucket"": ""LOW"", ""seller_score"": 4.71, ""estimated_cost_price"": 368.98}",INR,422,19,33
67,"{""fulfillment"": ""Seller Fulfilled"", ""inventory_bucket"": ""LOW"", ""seller_score"": 3.87, ""estimated_cost_price"": 349.0}",INR,428,19,15
68,"{""fulfillment"": ""Seller Fulfilled"", ""inventory_bucket"": ""HIGH"", ""seller_score"": 3.83, ""estimated_cost_price"": 405.08}",INR,456,20,32
69,"{""fulfillment"": ""Standard Delivery"", ""inventory_bucket"": ""MEDIUM"", ""seller_score"": 4.64, ""estimated_cost_price"": 430.26}",INR,495,20,12
70,"{""fulfillment"": ""Fast Delivery"", ""inventory_bucket"": ""MEDIUM"", ""seller_score"": 4.61, ""estimated_cost_price"": 433.88}",INR,505,20,11
71,"{""fulfillment"": ""Standard Delivery"", ""inventory_bucket"": ""MEDIUM"", ""seller_score"": 4.89, ""estimated_cost_price"": 378.58}",INR,410,20,43
72,"{""fulfillment"": ""Next Day"", ""inventory_bucket"": ""LOW"", ""seller_score"": 4.77, ""estimated_cost_price"": 431.14}",INR,502,20,3
73,"{""fulfillment"": ""Fast Delivery"", ""inventory_bucket"": ""LOW"", ""seller_score"": 4.47, ""estimated_cost_price"": 815.7}",INR,987,21,48
74,"{""fulfillment"": ""Seller Fulfilled"", ""inventory_bucket"": ""MEDIUM"", ""seller_score"": 4.87, ""estimated_cost_price"": 659.4}",INR,720,21,4
75,"{""fulfillment"": ""Next Day"", ""inventory_bucket"": ""HIGH"", ""seller_score"": 4.7, ""estimated_cost_price"": 243.72}",INR,271,22,5
76,"{""fulfillment"": ""Standard Delivery"", ""inventory_bucket"": ""MEDIUM"", ""seller_score"": 3.94, ""estimated_cost_price"": 304.73}",INR,345,22,16
77,"{""fulfillment"": ""Fast Delivery"", ""inventory_bucket"": ""LOW"", ""seller_score"": 4.21, ""estimated_cost_price"": 157.14}",INR,183,23,48
78,"{""fulfillment"": ""Standard Delivery"", ""inventory_bucket"": ""LOW"", ""seller_score"": 4.34, ""estimated_cost_price"": 107.57}",INR,134,23,44
79,"{""fulfillment"": ""Seller Fulfilled"", ""inventory_bucket"": ""LOW"", ""seller_score"": 4.68, ""estimated_cost_price"": 125.72}",INR,158,23,21
80,"{""fulfillment"": ""Next Day"", ""inventory_bucket"": ""LOW"", ""seller_score"": 4.63, ""estimated_cost_price"": 919.95}",INR,1107,24,13
81,"{""fulfillment"": ""Next Day"", ""inventory_bucket"": ""LOW"", ""seller_score"": 3.98, ""estimated_cost_price"": 739.42}",INR,909,24,25
82,"{""fulfillment"": ""Fast Delivery"", ""inventory_bucket"": ""HIGH"", ""seller_score"": 4.09, ""estimated_cost_price"": 894.37}",INR,1079,24,15
83,"{""fulfillment"": ""Next Day"", ""inventory_bucket"": ""LOW"", ""seller_score"": 4.5, ""estimated_cost_price"": 870.35}",INR,999,24,5
84,"{""fulfillment"": ""Next Day"", ""inventory_bucket"": ""MEDIUM"", ""seller_score"": 4.44, ""estimated_cost_price"": 794.06}",INR,868,24,31
85,"{""fulfillment"": ""Standard Delivery"", ""inventory_bucket"": ""MEDIUM"", ""seller_score"": 4.63, ""estimated_cost_price"": 228.4}",INR,253,25,30
86,"{""fulfillment"": ""Fast Delivery"", ""inventory_bucket"": ""MEDIUM"", ""seller_score"": 4.9, ""estimated_cost_price"": 265.46}",INR,301,25,47
87,"{""fulfillment"": ""Fast Delivery"", ""inventory_bucket"": ""LOW"", ""seller_score"": 4.52, ""estimated_cost_price"": 244.12}",INR,297,25,13
88,"{""fulfillment"": ""Seller Fulfilled"", ""inventory_bucket"": ""MEDIUM"", ""seller_score"": 4.1, ""estimated_cost_price"": 3983.37}",INR,4619,26,18
89,"{""fulfillment"": ""Next Day"", ""inventory_bucket"": ""MEDIUM"", ""seller_score"": 4.75, ""estimated_cost_price"": 4592.43}",INR,5298,26,9
90,"{""fulfillment"": ""Standard Delivery"", ""inventory_bucket"": ""HIGH"", ""seller_score"": 4.49, ""estimated_cost_price"": 5017.31}",INR,6182,27,49
91,"{""fulfillment"": ""Fast Delivery"", ""inventory_bucket"": ""HIGH"", ""seller_score"": 4.55, ""estimated_cost_price"": 3629.75}",INR,4011,27,22
92,"{""fulfillment"": ""Fast Delivery"", ""inventory_bucket"": ""HIGH"", ""seller_score"": 4.3, ""estimated_cost_price"": 4927.23}",INR,5627,27,15
93,"{""fulfillment"": ""Next Day"", ""inventory_bucket"": ""LOW"", ""seller_score"": 4.66, ""estimated_cost_price"": 2058.77}",INR,2578,28,6
94,"{""fulfillment"": ""Next Day"", ""inventory_bucket"": ""MEDIUM"", ""seller_score"": 4.57, ""estimated_cost_price"": 1771.26}",INR,2132,28,27
95,"{""fulfillment"": ""Standard Delivery"", ""inventory_bucket"": ""LOW"", ""seller_score"": 4.24, ""estimated_cost_price"": 1992.75}",INR,2183,28,55
96,"{""fulfillment"": ""Fast Delivery"", ""inventory_bucket"": ""HIGH"", ""seller_score"": 4.58, ""estimated_cost_price"": 2569.65}",INR,3102,29,48
97,"{""fulfillment"": ""Fast Delivery"", ""inventory_bucket"": ""HIGH"", ""seller_score"": 4.17, ""estimated_cost_price"": 3398.23}",INR,4215,29,16
98,"{""fulfillment"": ""Seller Fulfilled"", ""inventory_bucket"": ""MEDIUM"", ""seller_score"": 4.6, ""estimated_cost_price"": 3302.38}",INR,3914,29,21
99,"{""fulfillment"": ""Seller Fulfilled"", ""inventory_bucket"": ""LOW"", ""seller_score"": 4.0, ""estimated_cost_price"": 3754.09}",INR,4307,29,28
100,"{""fulfillment"": ""Next Day"", ""inventory_bucket"": ""HIGH"", ""seller_score"": 4.52, ""estimated_cost_price"": 3781.92}",INR,4822,29,38
101,"{""fulfillment"": ""Next Day"", ""inventory_bucket"": ""MEDIUM"", ""seller_score"": 4.62, ""estimated_cost_price"": 3594.45}",INR,4405,30,28
102,"{""fulfillment"": ""Seller Fulfilled"", ""inventory_bucket"": ""MEDIUM"", ""seller_score"": 4.6, ""estimated_cost_price"": 3202.23}",INR,3739,30,34
103,"{""fulfillment"": ""Next Day"", ""inventory_bucket"": ""LOW"", ""seller_score"": 4.49, ""estimated_cost_price"": 11197.4}",INR,12565,31,16
104,"{""fulfillment"": ""Fast Delivery"", ""inventory_bucket"": ""MEDIUM"", ""seller_score"": 4.0, ""estimated_cost_price"": 11531.11}",INR,14694,31,6
105,"{""fulfillment"": ""Standard Delivery"", ""inventory_bucket"": ""LOW"", ""seller_score"": 3.98, ""estimated_cost_price"": 12044.32}",INR,14436,31,36
106,"{""fulfillment"": ""Seller Fulfilled"", ""inventory_bucket"": ""LOW"", ""seller_score"": 4.3, ""estimated_cost_price"": 10977.24}",INR,13985,31,49
107,"{""fulfillment"": ""Next Day"", ""inventory_bucket"": ""HIGH"", ""seller_score"": 4.48, ""estimated_cost_price"": 10620.17}",INR,11998,31,1
108,"{""fulfillment"": ""Seller Fulfilled"", ""inventory_bucket"": ""MEDIUM"", ""seller_score"": 4.69, ""estimated_cost_price"": 1469.1}",INR,1835,32,11
109,"{""fulfillment"": ""Next Day"", ""inventory_bucket"": ""LOW"", ""seller_score"": 3.84, ""estimated_cost_price"": 1836.57}",INR,2328,32,46
110,"{""fulfillment"": ""Next Day"", ""inventory_bucket"": ""LOW"", ""seller_score"": 4.86, ""estimated_cost_price"": 1618.53}",INR,2067,32,30
111,"{""fulfillment"": ""Standard Delivery"", ""inventory_bucket"": ""HIGH"", ""seller_score"": 3.95, ""estimated_cost_price"": 1880.35}",INR,2282,32,55
112,"{""fulfillment"": ""Standard Delivery"", ""inventory_bucket"": ""HIGH"", ""seller_score"": 4.29, ""estimated_cost_price"": 4210.99}",INR,5114,33,46
113,"{""fulfillment"": ""Seller Fulfilled"", ""inventory_bucket"": ""MEDIUM"", ""seller_score"": 4.76, ""estimated_cost_price"": 4023.94}",INR,4843,33,41
114,"{""fulfillment"": ""Next Day"", ""inventory_bucket"": ""MEDIUM"", ""seller_score"": 4.52, ""estimated_cost_price"": 3814.04}",INR,4420,33,1
115,"{""fulfillment"": ""Fast Delivery"", ""inventory_bucket"": ""HIGH"", ""seller_score"": 4.42, ""estimated_cost_price"": 4711.44}",INR,5826,33,5
116,"{""fulfillment"": ""Seller Fulfilled"", ""inventory_bucket"": ""HIGH"", ""seller_score"": 4.28, ""estimated_cost_price"": 5027.05}",INR,6231,33,25
117,"{""fulfillment"": ""Standard Delivery"", ""inventory_bucket"": ""LOW"", ""seller_score"": 4.23, ""estimated_cost_price"": 493.29}",INR,601,34,48
118,"{""fulfillment"": ""Seller Fulfilled"", ""inventory_bucket"": ""MEDIUM"", ""seller_score"": 4.31, ""estimated_cost_price"": 565.85}",INR,681,34,4
119,"{""fulfillment"": ""Standard Delivery"", ""inventory_bucket"": ""MEDIUM"", ""seller_score"": 4.44, ""estimated_cost_price"": 648.38}",INR,752,34,33
120,"{""fulfillment"": ""Seller Fulfilled"", ""inventory_bucket"": ""MEDIUM"", ""seller_score"": 3.81, ""estimated_cost_price"": 757.73}",INR,848,34,44
121,"{""fulfillment"": ""Seller Fulfilled"", ""inventory_bucket"": ""HIGH"", ""seller_score"": 4.33, ""estimated_cost_price"": 1117.89}",INR,1230,35,12
122,"{""fulfillment"": ""Fast Delivery"", ""inventory_bucket"": ""LOW"", ""seller_score"": 4.1, ""estimated_cost_price"": 1060.77}",INR,1298,35,42
123,"{""fulfillment"": ""Standard Delivery"", ""inventory_bucket"": ""LOW"", ""seller_score"": 4.42, ""estimated_cost_price"": 1004.62}",INR,1106,35,36
124,"{""fulfillment"": ""Seller Fulfilled"", ""inventory_bucket"": ""HIGH"", ""seller_score"": 4.46, ""estimated_cost_price"": 1062.14}",INR,1349,35,46
125,"{""fulfillment"": ""Fast Delivery"", ""inventory_bucket"": ""MEDIUM"", ""seller_score"": 4.19, ""estimated_cost_price"": 1149.3}",INR,1448,36,48
126,"{""fulfillment"": ""Standard Delivery"", ""inventory_bucket"": ""MEDIUM"", ""seller_score"": 4.3, ""estimated_cost_price"": 1106.46}",INR,1333,36,49
127,"{""fulfillment"": ""Next Day"", ""inventory_bucket"": ""MEDIUM"", ""seller_score"": 4.47, ""estimated_cost_price"": 1059.09}",INR,1280,36,38
128,"{""fulfillment"": ""Seller Fulfilled"", ""inventory_bucket"": ""LOW"", ""seller_score"": 4.24, ""estimated_cost_price"": 1123.17}",INR,1369,36,45
129,"{""fulfillment"": ""Standard Delivery"", ""inventory_bucket"": ""MEDIUM"", ""seller_score"": 4.1, ""estimated_cost_price"": 1038.88}",INR,1242,36,14
130,"{""fulfillment"": ""Next Day"", ""inventory_bucket"": ""HIGH"", ""seller_score"": 4.37, ""estimated_cost_price"": 3177.13}",INR,3475,37,32
131,"{""fulfillment"": ""Standard Delivery"", ""inventory_bucket"": ""MEDIUM"", ""seller_score"": 4.17, ""estimated_cost_price"": 2357.7}",INR,2699,37,33
132,"{""fulfillment"": ""Standard Delivery"", ""inventory_bucket"": ""HIGH"", ""seller_score"": 4.85, ""estimated_cost_price"": 2888.86}",INR,3445,37,34
133,"{""fulfillment"": ""Seller Fulfilled"", ""inventory_bucket"": ""LOW"", ""seller_score"": 4.53, ""estimated_cost_price"": 2317.04}",INR,2663,37,54
134,"{""fulfillment"": ""Next Day"", ""inventory_bucket"": ""LOW"", ""seller_score"": 4.73, ""estimated_cost_price"": 2358.86}",INR,2802,37,8
135,"{""fulfillment"": ""Standard Delivery"", ""inventory_bucket"": ""LOW"", ""seller_score"": 3.84, ""estimated_cost_price"": 3174.28}",INR,3878,38,26
136,"{""fulfillment"": ""Seller Fulfilled"", ""inventory_bucket"": ""LOW"", ""seller_score"": 4.29, ""estimated_cost_price"": 2823.28}",INR,3273,38,12
137,"{""fulfillment"": ""Fast Delivery"", ""inventory_bucket"": ""LOW"", ""seller_score"": 3.93, ""estimated_cost_price"": 410.42}",INR,520,39,8
138,"{""fulfillment"": ""Seller Fulfilled"", ""inventory_bucket"": ""MEDIUM"", ""seller_score"": 4.24, ""estimated_cost_price"": 486.68}",INR,533,39,45
139,"{""fulfillment"": ""Next Day"", ""inventory_bucket"": ""HIGH"", ""seller_score"": 4.82, ""estimated_cost_price"": 508.79}",INR,637,39,10
140,"{""fulfillment"": ""Fast Delivery"", ""inventory_bucket"": ""MEDIUM"", ""seller_score"": 3.87, ""estimated_cost_price"": 344.21}",INR,397,39,32
141,"{""fulfillment"": ""Seller Fulfilled"", ""inventory_bucket"": ""MEDIUM"", ""seller_score"": 4.28, ""estimated_cost_price"": 398.84}",INR,471,40,27
142,"{""fulfillment"": ""Fast Delivery"", ""inventory_bucket"": ""LOW"", ""seller_score"": 4.31, ""estimated_cost_price"": 412.47}",INR,510,40,29
143,"{""fulfillment"": ""Seller Fulfilled"", ""inventory_bucket"": ""LOW"", ""seller_score"": 4.13, ""estimated_cost_price"": 427.15}",INR,472,40,48
144,"{""fulfillment"": ""Standard Delivery"", ""inventory_bucket"": ""MEDIUM"", ""seller_score"": 4.49, ""estimated_cost_price"": 391.03}",INR,446,40,42
145,"{""fulfillment"": ""Next Day"", ""inventory_bucket"": ""MEDIUM"", ""seller_score"": 4.71, ""estimated_cost_price"": 309.32}",INR,360,41,42
146,"{""fulfillment"": ""Standard Delivery"", ""inventory_bucket"": ""HIGH"", ""seller_score"": 3.95, ""estimated_cost_price"": 293.82}",INR,362,41,51
147,"{""fulfillment"": ""Fast Delivery"", ""inventory_bucket"": ""MEDIUM"", ""seller_score"": 3.92, ""estimated_cost_price"": 394.33}",INR,464,41,21
148,"{""fulfillment"": ""Fast Delivery"", ""inventory_bucket"": ""MEDIUM"", ""seller_score"": 4.32, ""estimated_cost_price"": 303.14}",INR,372,41,32
149,"{""fulfillment"": ""Seller Fulfilled"", ""inventory_bucket"": ""LOW"", ""seller_score"": 4.56, ""estimated_cost_price"": 2473.62}",INR,2828,42,31
150,"{""fulfillment"": ""Standard Delivery"", ""inventory_bucket"": ""MEDIUM"", ""seller_score"": 4.78, ""estimated_cost_price"": 2329.68}",INR,2823,42,24
151,"{""fulfillment"": ""Next Day"", ""inventory_bucket"": ""LOW"", ""seller_score"": 3.85, ""estimated_cost_price"": 2209.51}",INR,2687,42,19
152,"{""fulfillment"": ""Fast Delivery"", ""inventory_bucket"": ""LOW"", ""seller_score"": 4.13, ""estimated_cost_price"": 76.99}",INR,89,43,46
153,"{""fulfillment"": ""Fast Delivery"", ""inventory_bucket"": ""LOW"", ""seller_score"": 4.09, ""estimated_cost_price"": 82.57}",INR,102,43,35
154,"{""fulfillment"": ""Fast Delivery"", ""inventory_bucket"": ""LOW"", ""seller_score"": 3.93, ""estimated_cost_price"": 87.98}",INR,99,43,19
155,"{""fulfillment"": ""Fast Delivery"", ""inventory_bucket"": ""MEDIUM"", ""seller_score"": 4.88, ""estimated_cost_price"": 1135.9}",INR,1293,44,21
156,"{""fulfillment"": ""Standard Delivery"", ""inventory_bucket"": ""MEDIUM"", ""seller_score"": 4.05, ""estimated_cost_price"": 834.62}",INR,1056,44,37
157,"{""fulfillment"": ""Seller Fulfilled"", ""inventory_bucket"": ""HIGH"", ""seller_score"": 4.78, ""estimated_cost_price"": 861.37}",INR,964,45,14
158,"{""fulfillment"": ""Standard Delivery"", ""inventory_bucket"": ""MEDIUM"", ""seller_score"": 4.31, ""estimated_cost_price"": 820.34}",INR,1010,45,36
159,"{""fulfillment"": ""Fast Delivery"", ""inventory_bucket"": ""MEDIUM"", ""seller_score"": 3.85, ""estimated_cost_price"": 944.58}",INR,1197,45,46
160,"{""fulfillment"": ""Next Day"", ""inventory_bucket"": ""MEDIUM"", ""seller_score"": 4.4, ""estimated_cost_price"": 86.49}",INR,106,46,35
161,"{""fulfillment"": ""Fast Delivery"", ""inventory_bucket"": ""MEDIUM"", ""seller_score"": 3.98, ""estimated_cost_price"": 95.38}",INR,118,46,11
162,"{""fulfillment"": ""Standard Delivery"", ""inventory_bucket"": ""LOW"", ""seller_score"": 4.02, ""estimated_cost_price"": 101.05}",INR,125,46,20
163,"{""fulfillment"": ""Seller Fulfilled"", ""inventory_bucket"": ""HIGH"", ""seller_score"": 4.64, ""estimated_cost_price"": 89.15}",INR,96,46,8
164,"{""fulfillment"": ""Standard Delivery"", ""inventory_bucket"": ""HIGH"", ""seller_score"": 4.76, ""estimated_cost_price"": 89.38}",INR,102,46,2
165,"{""fulfillment"": ""Fast Delivery"", ""inventory_bucket"": ""HIGH"", ""seller_score"": 4.57, ""estimated_cost_price"": 2853.66}",INR,3317,47,31
166,"{""fulfillment"": ""Next Day"", ""inventory_bucket"": ""MEDIUM"", ""seller_score"": 3.87, ""estimated_cost_price"": 3092.31}",INR,3737,47,19
167,"{""fulfillment"": ""Seller Fulfilled"", ""inventory_bucket"": ""HIGH"", ""seller_score"": 4.35, ""estimated_cost_price"": 3037.12}",INR,3781,47,49
168,"{""fulfillment"": ""Next Day"", ""inventory_bucket"": ""LOW"", ""seller_score"": 3.96, ""estimated_cost_price"": 2559.47}",INR,2990,47,37
169,"{""fulfillment"": ""Standard Delivery"", ""inventory_bucket"": ""LOW"", ""seller_score"": 4.51, ""estimated_cost_price"": 1083.48}",INR,1372,48,44
170,"{""fulfillment"": ""Next Day"", ""inventory_bucket"": ""HIGH"", ""seller_score"": 4.45, ""estimated_cost_price"": 1154.81}",INR,1379,48,36
171,"{""fulfillment"": ""Fast Delivery"", ""inventory_bucket"": ""MEDIUM"", ""seller_score"": 4.13, ""estimated_cost_price"": 1058.15}",INR,1252,48,8
172,"{""fulfillment"": ""Fast Delivery"", ""inventory_bucket"": ""HIGH"", ""seller_score"": 4.33, ""estimated_cost_price"": 1721.93}",INR,2017,49,6
173,"{""fulfillment"": ""Fast Delivery"", ""inventory_bucket"": ""MEDIUM"", ""seller_score"": 4.47, ""estimated_cost_price"": 1615.67}",INR,1796,49,21
174,"{""fulfillment"": ""Fast Delivery"", ""inventory_bucket"": ""LOW"", ""seller_score"": 4.07, ""estimated_cost_price"": 2014.55}",INR,2281,49,4
175,"{""fulfillment"": ""Seller Fulfilled"", ""inventory_bucket"": ""HIGH"", ""seller_score"": 3.84, ""estimated_cost_price"": 1716.14}",INR,2021,49,39
176,"{""fulfillment"": ""Fast Delivery"", ""inventory_bucket"": ""MEDIUM"", ""seller_score"": 4.53, ""estimated_cost_price"": 178.31}",INR,193,50,44
177,"{""fulfillment"": ""Standard Delivery"", ""inventory_bucket"": ""HIGH"", ""seller_score"": 4.08, ""estimated_cost_price"": 172.21}",INR,220,50,43
178,"{""fulfillment"": ""Seller Fulfilled"", ""inventory_bucket"": ""HIGH"", ""seller_score"": 3.97, ""estimated_cost_price"": 196.6}",INR,217,50,6
179,"{""fulfillment"": ""Standard Delivery"", ""inventory_bucket"": ""MEDIUM"", ""seller_score"": 3.87, ""estimated_cost_price"": 162.03}",INR,198,50,33
180,"{""fulfillment"": ""Fast Delivery"", ""inventory_bucket"": ""HIGH"", ""seller_score"": 4.54, ""estimated_cost_price"": 165.6}",INR,207,50,26
181,"{""fulfillment"": ""Standard Delivery"", ""inventory_bucket"": ""MEDIUM"", ""seller_score"": 3.86, ""estimated_cost_price"": 2886.02}",INR,3382,51,24
182,"{""fulfillment"": ""Next Day"", ""inventory_bucket"": ""HIGH"", ""seller_score"": 4.77, ""estimated_cost_price"": 2397.45}",INR,2687,51,25
183,"{""fulfillment"": ""Seller Fulfilled"", ""inventory_bucket"": ""LOW"", ""seller_score"": 4.31, ""estimated_cost_price"": 2372.76}",INR,2594,51,1
184,"{""fulfillment"": ""Next Day"", ""inventory_bucket"": ""HIGH"", ""seller_score"": 4.86, ""estimated_cost_price"": 2695.3}",INR,3329,51,19
185,"{""fulfillment"": ""Next Day"", ""inventory_bucket"": ""MEDIUM"", ""seller_score"": 4.81, ""estimated_cost_price"": 2432.96}",INR,2820,51,23
186,"{""fulfillment"": ""Next Day"", ""inventory_bucket"": ""LOW"", ""seller_score"": 4.88, ""estimated_cost_price"": 301.9}",INR,343,52,11
187,"{""fulfillment"": ""Seller Fulfilled"", ""inventory_bucket"": ""LOW"", ""seller_score"": 3.89, ""estimated_cost_price"": 232.27}",INR,279,52,52
188,"{""fulfillment"": ""Fast Delivery"", ""inventory_bucket"": ""MEDIUM"", ""seller_score"": 3.98, ""estimated_cost_price"": 314.43}",INR,379,52,47
189,"{""fulfillment"": ""Next Day"", ""inventory_bucket"": ""HIGH"", ""seller_score"": 3.89, ""estimated_cost_price"": 269.33}",INR,339,52,28
190,"{""fulfillment"": ""Seller Fulfilled"", ""inventory_bucket"": ""LOW"", ""seller_score"": 4.7, ""estimated_cost_price"": 451.09}",INR,530,53,5
191,"{""fulfillment"": ""Next Day"", ""inventory_bucket"": ""HIGH"", ""seller_score"": 3.91, ""estimated_cost_price"": 367.93}",INR,458,53,38
192,"{""fulfillment"": ""Standard Delivery"", ""inventory_bucket"": ""MEDIUM"", ""seller_score"": 4.73, ""estimated_cost_price"": 441.93}",INR,508,53,49
193,"{""fulfillment"": ""Fast Delivery"", ""inventory_bucket"": ""HIGH"", ""seller_score"": 3.99, ""estimated_cost_price"": 391.39}",INR,428,53,25
194,"{""fulfillment"": ""Fast Delivery"", ""inventory_bucket"": ""MEDIUM"", ""seller_score"": 4.03, ""estimated_cost_price"": 148.96}",INR,170,54,46
195,"{""fulfillment"": ""Standard Delivery"", ""inventory_bucket"": ""HIGH"", ""seller_score"": 4.09, ""estimated_cost_price"": 204.13}",INR,248,54,37
196,"{""fulfillment"": ""Next Day"", ""inventory_bucket"": ""LOW"", ""seller_score"": 4.22, ""estimated_cost_price"": 134.87}",INR,160,54,49
197,"{""fulfillment"": ""Standard Delivery"", ""inventory_bucket"": ""HIGH"", ""seller_score"": 4.12, ""estimated_cost_price"": 129.1}",INR,162,54,9
198,"{""fulfillment"": ""Standard Delivery"", ""inventory_bucket"": ""MEDIUM"", ""seller_score"": 4.11, ""estimated_cost_price"": 127.09}",INR,158,54,13
199,"{""fulfillment"": ""Standard Delivery"", ""inventory_bucket"": ""MEDIUM"", ""seller_score"": 4.13, ""estimated_cost_price"": 6277.99}",INR,7369,55,15
200,"{""fulfillment"": ""Next Day"", ""inventory_bucket"": ""LOW"", ""seller_score"": 4.45, ""estimated_cost_price"": 5949.73}",INR,7220,55,2
201,"{""fulfillment"": ""Standard Delivery"", ""inventory_bucket"": ""MEDIUM"", ""seller_score"": 4.74, ""estimated_cost_price"": 6301.38}",INR,8060,55,51
202,"{""fulfillment"": ""Fast Delivery"", ""inventory_bucket"": ""MEDIUM"", ""seller_score"": 4.71, ""estimated_cost_price"": 5857.72}",INR,7110,55,1
203,"{""fulfillment"": ""Fast Delivery"", ""inventory_bucket"": ""LOW"", ""seller_score"": 4.78, ""estimated_cost_price"": 6285.44}",INR,7545,55,10
204,"{""fulfillment"": ""Next Day"", ""inventory_bucket"": ""LOW"", ""seller_score"": 4.22, ""estimated_cost_price"": 277.34}",INR,305,56,49
205,"{""fulfillment"": ""Standard Delivery"", ""inventory_bucket"": ""HIGH"", ""seller_score"": 4.08, ""estimated_cost_price"": 315.87}",INR,346,56,18
206,"{""fulfillment"": ""Next Day"", ""inventory_bucket"": ""HIGH"", ""seller_score"": 4.02, ""estimated_cost_price"": 538.01}",INR,633,57,37
207,"{""fulfillment"": ""Seller Fulfilled"", ""inventory_bucket"": ""MEDIUM"", ""seller_score"": 3.92, ""estimated_cost_price"": 506.88}",INR,551,57,28
208,"{""fulfillment"": ""Seller Fulfilled"", ""inventory_bucket"": ""MEDIUM"", ""seller_score"": 4.48, ""estimated_cost_price"": 539.93}",INR,593,57,17
209,"{""fulfillment"": ""Fast Delivery"", ""inventory_bucket"": ""HIGH"", ""seller_score"": 4.1, ""estimated_cost_price"": 562.88}",INR,623,57,41
210,"{""fulfillment"": ""Seller Fulfilled"", ""inventory_bucket"": ""LOW"", ""seller_score"": 4.85, ""estimated_cost_price"": 588.19}",INR,732,57,44
211,"{""fulfillment"": ""Fast Delivery"", ""inventory_bucket"": ""LOW"", ""seller_score"": 3.93, ""estimated_cost_price"": 728.79}",INR,887,58,30
212,"{""fulfillment"": ""Standard Delivery"", ""inventory_bucket"": ""MEDIUM"", ""seller_score"": 4.19, ""estimated_cost_price"": 761.62}",INR,835,58,45
213,"{""fulfillment"": ""Next Day"", ""inventory_bucket"": ""HIGH"", ""seller_score"": 4.47, ""estimated_cost_price"": 874.8}",INR,1105,58,9
214,"{""fulfillment"": ""Standard Delivery"", ""inventory_bucket"": ""LOW"", ""seller_score"": 4.26, ""estimated_cost_price"": 1128.77}",INR,1222,58,23
215,"{""fulfillment"": ""Fast Delivery"", ""inventory_bucket"": ""HIGH"", ""seller_score"": 4.52, ""estimated_cost_price"": 920.7}",INR,1129,59,19
216,"{""fulfillment"": ""Fast Delivery"", ""inventory_bucket"": ""LOW"", ""seller_score"": 4.68, ""estimated_cost_price"": 836.48}",INR,978,59,34
217,"{""fulfillment"": ""Fast Delivery"", ""inventory_bucket"": ""HIGH"", ""seller_score"": 4.58, ""estimated_cost_price"": 928.56}",INR,1114,59,41
218,"{""fulfillment"": ""Standard Delivery"", ""inventory_bucket"": ""MEDIUM"", ""seller_score"": 3.83, ""estimated_cost_price"": 1031.32}",INR,1146,59,5
219,"{""fulfillment"": ""Seller Fulfilled"", ""inventory_bucket"": ""HIGH"", ""seller_score"": 4.2, ""estimated_cost_price"": 223.76}",INR,269,60,18
220,"{""fulfillment"": ""Standard Delivery"", ""inventory_bucket"": ""LOW"", ""seller_score"": 4.86, ""estimated_cost_price"": 211.27}",INR,250,60,44
221,"{""fulfillment"": ""Seller Fulfilled"", ""inventory_bucket"": ""LOW"", ""seller_score"": 4.12, ""estimated_cost_price"": 212.18}",INR,249,60,45
222,"{""fulfillment"": ""Standard Delivery"", ""inventory_bucket"": ""MEDIUM"", ""seller_score"": 4.12, ""estimated_cost_price"": 245.98}",INR,314,60,24
223,"{""fulfillment"": ""Fast Delivery"", ""inventory_bucket"": ""HIGH"", ""seller_score"": 4.64, ""estimated_cost_price"": 270.54}",INR,321,61,27
224,"{""fulfillment"": ""Fast Delivery"", ""inventory_bucket"": ""LOW"", ""seller_score"": 4.86, ""estimated_cost_price"": 258.62}",INR,293,61,22
225,"{""fulfillment"": ""Seller Fulfilled"", ""inventory_bucket"": ""MEDIUM"", ""seller_score"": 4.89, ""estimated_cost_price"": 240.96}",INR,280,61,11
226,"{""fulfillment"": ""Next Day"", ""inventory_bucket"": ""LOW"", ""seller_score"": 4.4, ""estimated_cost_price"": 311.74}",INR,366,61,7
227,"{""fulfillment"": ""Seller Fulfilled"", ""inventory_bucket"": ""LOW"", ""seller_score"": 3.94, ""estimated_cost_price"": 326.66}",INR,404,61,14
228,"{""fulfillment"": ""Standard Delivery"", ""inventory_bucket"": ""HIGH"", ""seller_score"": 4.75, ""estimated_cost_price"": 575.32}",INR,677,62,31
229,"{""fulfillment"": ""Standard Delivery"", ""inventory_bucket"": ""LOW"", ""seller_score"": 4.44, ""estimated_cost_price"": 594.99}",INR,701,62,23
230,"{""fulfillment"": ""Standard Delivery"", ""inventory_bucket"": ""LOW"", ""seller_score"": 3.92, ""estimated_cost_price"": 4613.83}",INR,5168,63,39
231,"{""fulfillment"": ""Seller Fulfilled"", ""inventory_bucket"": ""LOW"", ""seller_score"": 4.49, ""estimated_cost_price"": 3923.0}",INR,4637,63,34
232,"{""fulfillment"": ""Fast Delivery"", ""inventory_bucket"": ""HIGH"", ""seller_score"": 4.19, ""estimated_cost_price"": 3387.22}",INR,3861,63,49
233,"{""fulfillment"": ""Fast Delivery"", ""inventory_bucket"": ""HIGH"", ""seller_score"": 4.12, ""estimated_cost_price"": 3718.41}",INR,4632,63,22
234,"{""fulfillment"": ""Fast Delivery"", ""inventory_bucket"": ""MEDIUM"", ""seller_score"": 4.64, ""estimated_cost_price"": 4304.04}",INR,5215,63,12
235,"{""fulfillment"": ""Next Day"", ""inventory_bucket"": ""HIGH"", ""seller_score"": 4.18, ""estimated_cost_price"": 5160.78}",INR,5642,64,14
236,"{""fulfillment"": ""Seller Fulfilled"", ""inventory_bucket"": ""LOW"", ""seller_score"": 4.35, ""estimated_cost_price"": 4434.32}",INR,4857,64,9
237,"{""fulfillment"": ""Seller Fulfilled"", ""inventory_bucket"": ""MEDIUM"", ""seller_score"": 4.68, ""estimated_cost_price"": 5109.96}",INR,5806,64,6
238,"{""fulfillment"": ""Seller Fulfilled"", ""inventory_bucket"": ""MEDIUM"", ""seller_score"": 4.46, ""estimated_cost_price"": 896.61}",INR,1144,65,3
239,"{""fulfillment"": ""Seller Fulfilled"", ""inventory_bucket"": ""MEDIUM"", ""seller_score"": 3.88, ""estimated_cost_price"": 1175.79}",INR,1417,65,13
240,"{""fulfillment"": ""Seller Fulfilled"", ""inventory_bucket"": ""LOW"", ""seller_score"": 4.65, ""estimated_cost_price"": 1143.24}",INR,1267,65,7
241,"{""fulfillment"": ""Standard Delivery"", ""inventory_bucket"": ""HIGH"", ""seller_score"": 3.8, ""estimated_cost_price"": 804.24}",INR,920,65,51
242,"{""fulfillment"": ""Seller Fulfilled"", ""inventory_bucket"": ""LOW"", ""seller_score"": 4.61, ""estimated_cost_price"": 1086.36}",INR,1227,65,43
243,"{""fulfillment"": ""Fast Delivery"", ""inventory_bucket"": ""LOW"", ""seller_score"": 4.28, ""estimated_cost_price"": 1950.02}",INR,2454,66,39
244,"{""fulfillment"": ""Standard Delivery"", ""inventory_bucket"": ""LOW"", ""seller_score"": 4.57, ""estimated_cost_price"": 2146.16}",INR,2589,66,14
245,"{""fulfillment"": ""Standard Delivery"", ""inventory_bucket"": ""HIGH"", ""seller_score"": 4.13, ""estimated_cost_price"": 963.82}",INR,1176,67,10
246,"{""fulfillment"": ""Standard Delivery"", ""inventory_bucket"": ""MEDIUM"", ""seller_score"": 4.3, ""estimated_cost_price"": 1027.54}",INR,1199,67,55
247,"{""fulfillment"": ""Fast Delivery"", ""inventory_bucket"": ""HIGH"", ""seller_score"": 4.03, ""estimated_cost_price"": 9828.58}",INR,12286,68,55
248,"{""fulfillment"": ""Seller Fulfilled"", ""inventory_bucket"": ""LOW"", ""seller_score"": 4.52, ""estimated_cost_price"": 10790.17}",INR,11948,68,33
249,"{""fulfillment"": ""Seller Fulfilled"", ""inventory_bucket"": ""HIGH"", ""seller_score"": 4.2, ""estimated_cost_price"": 10964.37}",INR,12472,68,50
250,"{""fulfillment"": ""Fast Delivery"", ""inventory_bucket"": ""HIGH"", ""seller_score"": 3.82, ""estimated_cost_price"": 495.97}",INR,569,69,46
251,"{""fulfillment"": ""Seller Fulfilled"", ""inventory_bucket"": ""HIGH"", ""seller_score"": 4.86, ""estimated_cost_price"": 467.18}",INR,548,69,13
252,"{""fulfillment"": ""Seller Fulfilled"", ""inventory_bucket"": ""LOW"", ""seller_score"": 3.82, ""estimated_cost_price"": 490.06}",INR,542,69,19
253,"{""fulfillment"": ""Seller Fulfilled"", ""inventory_bucket"": ""LOW"", ""seller_score"": 4.18, ""estimated_cost_price"": 90.36}",INR,107,70,24
254,"{""fulfillment"": ""Standard Delivery"", ""inventory_bucket"": ""MEDIUM"", ""seller_score"": 4.66, ""estimated_cost_price"": 109.87}",INR,138,70,45
255,"{""fulfillment"": ""Next Day"", ""inventory_bucket"": ""LOW"", ""seller_score"": 4.62, ""estimated_cost_price"": 91.34}",INR,107,70,38
256,"{""fulfillment"": ""Fast Delivery"", ""inventory_bucket"": ""MEDIUM"", ""seller_score"": 3.88, ""estimated_cost_price"": 106.02}",INR,135,70,12
257,"{""fulfillment"": ""Seller Fulfilled"", ""inventory_bucket"": ""MEDIUM"", ""seller_score"": 4.69, ""estimated_cost_price"": 102.7}",INR,114,70,29
258,"{""fulfillment"": ""Fast Delivery"", ""inventory_bucket"": ""MEDIUM"", ""seller_score"": 4.78, ""estimated_cost_price"": 4209.96}",INR,4942,71,30
259,"{""fulfillment"": ""Standard Delivery"", ""inventory_bucket"": ""HIGH"", ""seller_score"": 4.38, ""estimated_cost_price"": 3756.24}",INR,4776,71,8
260,"{""fulfillment"": ""Standard Delivery"", ""inventory_bucket"": ""MEDIUM"", ""seller_score"": 4.28, ""estimated_cost_price"": 2059.01}",INR,2449,72,36
261,"{""fulfillment"": ""Seller Fulfilled"", ""inventory_bucket"": ""MEDIUM"", ""seller_score"": 4.74, ""estimated_cost_price"": 2537.25}",INR,3143,72,47
262,"{""fulfillment"": ""Standard Delivery"", ""inventory_bucket"": ""MEDIUM"", ""seller_score"": 4.09, ""estimated_cost_price"": 2537.21}",INR,3029,72,3
263,"{""fulfillment"": ""Standard Delivery"", ""inventory_bucket"": ""HIGH"", ""seller_score"": 4.84, ""estimated_cost_price"": 2364.31}",INR,2983,72,6
264,"{""fulfillment"": ""Next Day"", ""inventory_bucket"": ""LOW"", ""seller_score"": 4.5, ""estimated_cost_price"": 5237.46}",INR,5916,73,15
265,"{""fulfillment"": ""Seller Fulfilled"", ""inventory_bucket"": ""MEDIUM"", ""seller_score"": 4.82, ""estimated_cost_price"": 3753.9}",INR,4322,73,36
266,"{""fulfillment"": ""Standard Delivery"", ""inventory_bucket"": ""LOW"", ""seller_score"": 3.83, ""estimated_cost_price"": 3934.54}",INR,4587,73,27
267,"{""fulfillment"": ""Seller Fulfilled"", ""inventory_bucket"": ""HIGH"", ""seller_score"": 4.64, ""estimated_cost_price"": 5812.49}",INR,6330,73,19
268,"{""fulfillment"": ""Next Day"", ""inventory_bucket"": ""HIGH"", ""seller_score"": 4.08, ""estimated_cost_price"": 4481.95}",INR,5546,73,55
269,"{""fulfillment"": ""Seller Fulfilled"", ""inventory_bucket"": ""LOW"", ""seller_score"": 4.04, ""estimated_cost_price"": 1064.88}",INR,1258,74,26
270,"{""fulfillment"": ""Fast Delivery"", ""inventory_bucket"": ""MEDIUM"", ""seller_score"": 4.44, ""estimated_cost_price"": 1075.88}",INR,1256,74,29
271,"{""fulfillment"": ""Seller Fulfilled"", ""inventory_bucket"": ""MEDIUM"", ""seller_score"": 4.66, ""estimated_cost_price"": 783.83}",INR,912,75,45
272,"{""fulfillment"": ""Fast Delivery"", ""inventory_bucket"": ""MEDIUM"", ""seller_score"": 3.88, ""estimated_cost_price"": 679.25}",INR,762,75,38
273,"{""fulfillment"": ""Fast Delivery"", ""inventory_bucket"": ""HIGH"", ""seller_score"": 4.65, ""estimated_cost_price"": 771.54}",INR,940,75,7
274,"{""fulfillment"": ""Next Day"", ""inventory_bucket"": ""LOW"", ""seller_score"": 4.64, ""estimated_cost_price"": 693.48}",INR,767,75,48
275,"{""fulfillment"": ""Fast Delivery"", ""inventory_bucket"": ""MEDIUM"", ""seller_score"": 4.05, ""estimated_cost_price"": 795.5}",INR,907,75,11
276,"{""fulfillment"": ""Standard Delivery"", ""inventory_bucket"": ""HIGH"", ""seller_score"": 4.13, ""estimated_cost_price"": 567.78}",INR,661,76,18
277,"{""fulfillment"": ""Next Day"", ""inventory_bucket"": ""MEDIUM"", ""seller_score"": 4.63, ""estimated_cost_price"": 553.72}",INR,707,76,49
278,"{""fulfillment"": ""Next Day"", ""inventory_bucket"": ""HIGH"", ""seller_score"": 4.44, ""estimated_cost_price"": 519.75}",INR,642,76,46
279,"{""fulfillment"": ""Next Day"", ""inventory_bucket"": ""MEDIUM"", ""seller_score"": 4.37, ""estimated_cost_price"": 692.0}",INR,762,76,50
280,"{""fulfillment"": ""Standard Delivery"", ""inventory_bucket"": ""LOW"", ""seller_score"": 4.56, ""estimated_cost_price"": 766.4}",INR,969,76,38
281,"{""fulfillment"": ""Fast Delivery"", ""inventory_bucket"": ""LOW"", ""seller_score"": 4.74, ""estimated_cost_price"": 2662.24}",INR,3396,77,7
282,"{""fulfillment"": ""Seller Fulfilled"", ""inventory_bucket"": ""HIGH"", ""seller_score"": 4.61, ""estimated_cost_price"": 2647.73}",INR,3276,77,8
283,"{""fulfillment"": ""Seller Fulfilled"", ""inventory_bucket"": ""LOW"", ""seller_score"": 4.58, ""estimated_cost_price"": 2482.48}",INR,2798,77,17
284,"{""fulfillment"": ""Next Day"", ""inventory_bucket"": ""HIGH"", ""seller_score"": 4.68, ""estimated_cost_price"": 2708.21}",INR,3022,77,32
285,"{""fulfillment"": ""Seller Fulfilled"", ""inventory_bucket"": ""LOW"", ""seller_score"": 4.54, ""estimated_cost_price"": 2570.29}",INR,3224,77,15
286,"{""fulfillment"": ""Seller Fulfilled"", ""inventory_bucket"": ""LOW"", ""seller_score"": 3.86, ""estimated_cost_price"": 334.68}",INR,407,78,39
287,"{""fulfillment"": ""Next Day"", ""inventory_bucket"": ""MEDIUM"", ""seller_score"": 3.88, ""estimated_cost_price"": 273.04}",INR,317,78,44
288,"{""fulfillment"": ""Fast Delivery"", ""inventory_bucket"": ""MEDIUM"", ""seller_score"": 4.51, ""estimated_cost_price"": 243.15}",INR,309,78,21
289,"{""fulfillment"": ""Next Day"", ""inventory_bucket"": ""MEDIUM"", ""seller_score"": 4.28, ""estimated_cost_price"": 247.97}",INR,282,78,10
290,"{""fulfillment"": ""Standard Delivery"", ""inventory_bucket"": ""HIGH"", ""seller_score"": 4.58, ""estimated_cost_price"": 249.26}",INR,306,78,20
291,"{""fulfillment"": ""Seller Fulfilled"", ""inventory_bucket"": ""MEDIUM"", ""seller_score"": 4.52, ""estimated_cost_price"": 146.78}",INR,167,79,52
292,"{""fulfillment"": ""Seller Fulfilled"", ""inventory_bucket"": ""MEDIUM"", ""seller_score"": 4.49, ""estimated_cost_price"": 170.5}",INR,205,79,35
293,"{""fulfillment"": ""Next Day"", ""inventory_bucket"": ""MEDIUM"", ""seller_score"": 4.14, ""estimated_cost_price"": 148.23}",INR,178,79,2
294,"{""fulfillment"": ""Next Day"", ""inventory_bucket"": ""MEDIUM"", ""seller_score"": 4.77, ""estimated_cost_price"": 143.62}",INR,176,79,49
295,"{""fulfillment"": ""Standard Delivery"", ""inventory_bucket"": ""HIGH"", ""seller_score"": 4.3, ""estimated_cost_price"": 3684.08}",INR,4165,80,3
296,"{""fulfillment"": ""Fast Delivery"", ""inventory_bucket"": ""MEDIUM"", ""seller_score"": 4.28, ""estimated_cost_price"": 4291.66}",INR,4642,80,12
297,"{""fulfillment"": ""Next Day"", ""inventory_bucket"": ""LOW"", ""seller_score"": 4.45, ""estimated_cost_price"": 3595.54}",INR,3890,80,36
298,"{""fulfillment"": ""Standard Delivery"", ""inventory_bucket"": ""HIGH"", ""seller_score"": 3.82, ""estimated_cost_price"": 4014.58}",INR,4929,80,43
299,"{""fulfillment"": ""Next Day"", ""inventory_bucket"": ""MEDIUM"", ""seller_score"": 4.54, ""estimated_cost_price"": 3720.89}",INR,4470,80,50
300,"{""fulfillment"": ""Next Day"", ""inventory_bucket"": ""HIGH"", ""seller_score"": 4.48, ""estimated_cost_price"": 6195.83}",INR,6940,81,37
301,"{""fulfillment"": ""Next Day"", ""inventory_bucket"": ""MEDIUM"", ""seller_score"": 4.1, ""estimated_cost_price"": 7115.9}",INR,8451,81,44
302,"{""fulfillment"": ""Standard Delivery"", ""inventory_bucket"": ""MEDIUM"", ""seller_score"": 4.27, ""estimated_cost_price"": 1299.1}",INR,1586,82,33
303,"{""fulfillment"": ""Next Day"", ""inventory_bucket"": ""HIGH"", ""seller_score"": 4.13, ""estimated_cost_price"": 1208.61}",INR,1311,82,4
304,"{""fulfillment"": ""Standard Delivery"", ""inventory_bucket"": ""MEDIUM"", ""seller_score"": 4.09, ""estimated_cost_price"": 990.42}",INR,1199,82,26
305,"{""fulfillment"": ""Fast Delivery"", ""inventory_bucket"": ""MEDIUM"", ""seller_score"": 3.92, ""estimated_cost_price"": 265.73}",INR,323,83,4
306,"{""fulfillment"": ""Standard Delivery"", ""inventory_bucket"": ""HIGH"", ""seller_score"": 4.67, ""estimated_cost_price"": 317.65}",INR,396,83,2
307,"{""fulfillment"": ""Seller Fulfilled"", ""inventory_bucket"": ""HIGH"", ""seller_score"": 3.91, ""estimated_cost_price"": 287.97}",INR,361,83,38
308,"{""fulfillment"": ""Standard Delivery"", ""inventory_bucket"": ""MEDIUM"", ""seller_score"": 4.62, ""estimated_cost_price"": 267.02}",INR,334,83,3
309,"{""fulfillment"": ""Standard Delivery"", ""inventory_bucket"": ""MEDIUM"", ""seller_score"": 3.98, ""estimated_cost_price"": 717.56}",INR,792,84,28
310,"{""fulfillment"": ""Standard Delivery"", ""inventory_bucket"": ""LOW"", ""seller_score"": 4.78, ""estimated_cost_price"": 665.17}",INR,740,84,23
311,"{""fulfillment"": ""Seller Fulfilled"", ""inventory_bucket"": ""HIGH"", ""seller_score"": 4.23, ""estimated_cost_price"": 804.74}",INR,878,85,16
312,"{""fulfillment"": ""Seller Fulfilled"", ""inventory_bucket"": ""MEDIUM"", ""seller_score"": 4.57, ""estimated_cost_price"": 810.88}",INR,963,85,42
313,"{""fulfillment"": ""Seller Fulfilled"", ""inventory_bucket"": ""MEDIUM"", ""seller_score"": 4.47, ""estimated_cost_price"": 862.07}",INR,951,85,20
314,"{""fulfillment"": ""Seller Fulfilled"", ""inventory_bucket"": ""MEDIUM"", ""seller_score"": 4.36, ""estimated_cost_price"": 2803.45}",INR,3142,86,2
315,"{""fulfillment"": ""Next Day"", ""inventory_bucket"": ""HIGH"", ""seller_score"": 4.08, ""estimated_cost_price"": 2524.03}",INR,3074,86,35
316,"{""fulfillment"": ""Next Day"", ""inventory_bucket"": ""MEDIUM"", ""seller_score"": 4.67, ""estimated_cost_price"": 2374.18}",INR,2723,86,21
317,"{""fulfillment"": ""Seller Fulfilled"", ""inventory_bucket"": ""MEDIUM"", ""seller_score"": 4.79, ""estimated_cost_price"": 2188.49}",INR,2715,87,45
318,"{""fulfillment"": ""Next Day"", ""inventory_bucket"": ""HIGH"", ""seller_score"": 3.88, ""estimated_cost_price"": 1865.02}",INR,2256,87,31
319,"{""fulfillment"": ""Seller Fulfilled"", ""inventory_bucket"": ""HIGH"", ""seller_score"": 4.21, ""estimated_cost_price"": 732.65}",INR,843,88,21
320,"{""fulfillment"": ""Fast Delivery"", ""inventory_bucket"": ""MEDIUM"", ""seller_score"": 4.53, ""estimated_cost_price"": 747.05}",INR,839,88,37
321,"{""fulfillment"": ""Next Day"", ""inventory_bucket"": ""HIGH"", ""seller_score"": 4.66, ""estimated_cost_price"": 731.08}",INR,875,88,7
322,"{""fulfillment"": ""Standard Delivery"", ""inventory_bucket"": ""LOW"", ""seller_score"": 4.01, ""estimated_cost_price"": 749.17}",INR,835,88,52
323,"{""fulfillment"": ""Standard Delivery"", ""inventory_bucket"": ""MEDIUM"", ""seller_score"": 4.5, ""estimated_cost_price"": 738.26}",INR,883,88,32
324,"{""fulfillment"": ""Seller Fulfilled"", ""inventory_bucket"": ""HIGH"", ""seller_score"": 4.27, ""estimated_cost_price"": 3683.18}",INR,4136,89,13
325,"{""fulfillment"": ""Fast Delivery"", ""inventory_bucket"": ""MEDIUM"", ""seller_score"": 4.68, ""estimated_cost_price"": 4293.89}",INR,5204,89,32
326,"{""fulfillment"": ""Standard Delivery"", ""inventory_bucket"": ""LOW"", ""seller_score"": 4.56, ""estimated_cost_price"": 3777.04}",INR,4223,89,41
327,"{""fulfillment"": ""Standard Delivery"", ""inventory_bucket"": ""HIGH"", ""seller_score"": 3.9, ""estimated_cost_price"": 3733.77}",INR,4173,89,55
328,"{""fulfillment"": ""Next Day"", ""inventory_bucket"": ""LOW"", ""seller_score"": 4.41, ""estimated_cost_price"": 4124.11}",INR,4655,89,51
329,"{""fulfillment"": ""Seller Fulfilled"", ""inventory_bucket"": ""HIGH"", ""seller_score"": 4.71, ""estimated_cost_price"": 3160.28}",INR,4043,90,46
330,"{""fulfillment"": ""Standard Delivery"", ""inventory_bucket"": ""MEDIUM"", ""seller_score"": 4.69, ""estimated_cost_price"": 2484.72}",INR,3055,90,55
331,"{""fulfillment"": ""Next Day"", ""inventory_bucket"": ""MEDIUM"", ""seller_score"": 4.66, ""estimated_cost_price"": 1175.18}",INR,1354,91,37
332,"{""fulfillment"": ""Fast Delivery"", ""inventory_bucket"": ""MEDIUM"", ""seller_score"": 3.84, ""estimated_cost_price"": 1429.44}",INR,1762,91,52
333,"{""fulfillment"": ""Standard Delivery"", ""inventory_bucket"": ""HIGH"", ""seller_score"": 4.63, ""estimated_cost_price"": 383.9}",INR,491,92,42
334,"{""fulfillment"": ""Standard Delivery"", ""inventory_bucket"": ""MEDIUM"", ""seller_score"": 4.38, ""estimated_cost_price"": 364.43}",INR,419,92,53
335,"{""fulfillment"": ""Next Day"", ""inventory_bucket"": ""HIGH"", ""seller_score"": 4.3, ""estimated_cost_price"": 413.48}",INR,451,93,13
336,"{""fulfillment"": ""Fast Delivery"", ""inventory_bucket"": ""LOW"", ""seller_score"": 4.51, ""estimated_cost_price"": 469.68}",INR,573,93,27
337,"{""fulfillment"": ""Fast Delivery"", ""inventory_bucket"": ""HIGH"", ""seller_score"": 4.72, ""estimated_cost_price"": 403.82}",INR,490,93,26
338,"{""fulfillment"": ""Next Day"", ""inventory_bucket"": ""LOW"", ""seller_score"": 4.39, ""estimated_cost_price"": 405.82}",INR,516,93,17
339,"{""fulfillment"": ""Next Day"", ""inventory_bucket"": ""HIGH"", ""seller_score"": 4.19, ""estimated_cost_price"": 4273.65}",INR,5122,94,18
340,"{""fulfillment"": ""Seller Fulfilled"", ""inventory_bucket"": ""HIGH"", ""seller_score"": 4.03, ""estimated_cost_price"": 3890.08}",INR,4714,94,41
341,"{""fulfillment"": ""Fast Delivery"", ""inventory_bucket"": ""MEDIUM"", ""seller_score"": 4.79, ""estimated_cost_price"": 4602.73}",INR,4999,94,35
342,"{""fulfillment"": ""Next Day"", ""inventory_bucket"": ""LOW"", ""seller_score"": 4.7, ""estimated_cost_price"": 4391.52}",INR,5599,94,52
343,"{""fulfillment"": ""Fast Delivery"", ""inventory_bucket"": ""LOW"", ""seller_score"": 4.1, ""estimated_cost_price"": 4593.55}",INR,5392,94,40
344,"{""fulfillment"": ""Seller Fulfilled"", ""inventory_bucket"": ""HIGH"", ""seller_score"": 4.68, ""estimated_cost_price"": 2856.75}",INR,3244,95,55
345,"{""fulfillment"": ""Fast Delivery"", ""inventory_bucket"": ""MEDIUM"", ""seller_score"": 4.03, ""estimated_cost_price"": 3000.53}",INR,3278,95,28
346,"{""fulfillment"": ""Standard Delivery"", ""inventory_bucket"": ""MEDIUM"", ""seller_score"": 4.42, ""estimated_cost_price"": 3308.65}",INR,3773,95,27
347,"{""fulfillment"": ""Fast Delivery"", ""inventory_bucket"": ""MEDIUM"", ""seller_score"": 3.89, ""estimated_cost_price"": 3305.32}",INR,3892,95,21
348,"{""fulfillment"": ""Fast Delivery"", ""inventory_bucket"": ""LOW"", ""seller_score"": 4.53, ""estimated_cost_price"": 1786.96}",INR,2135,96,26
349,"{""fulfillment"": ""Seller Fulfilled"", ""inventory_bucket"": ""LOW"", ""seller_score"": 4.01, ""estimated_cost_price"": 1421.89}",INR,1641,96,16
350,"{""fulfillment"": ""Standard Delivery"", ""inventory_bucket"": ""MEDIUM"", ""seller_score"": 4.16, ""estimated_cost_price"": 1550.18}",INR,1800,96,8
351,"{""fulfillment"": ""Fast Delivery"", ""inventory_bucket"": ""MEDIUM"", ""seller_score"": 4.34, ""estimated_cost_price"": 258.02}",INR,309,97,36
352,"{""fulfillment"": ""Fast Delivery"", ""inventory_bucket"": ""LOW"", ""seller_score"": 4.11, ""estimated_cost_price"": 244.08}",INR,273,97,28
353,"{""fulfillment"": ""Standard Delivery"", ""inventory_bucket"": ""MEDIUM"", ""seller_score"": 4.21, ""estimated_cost_price"": 256.85}",INR,285,97,42
354,"{""fulfillment"": ""Fast Delivery"", ""inventory_bucket"": ""HIGH"", ""seller_score"": 4.04, ""estimated_cost_price"": 252.91}",INR,307,97,3
355,"{""fulfillment"": ""Seller Fulfilled"", ""inventory_bucket"": ""HIGH"", ""seller_score"": 4.63, ""estimated_cost_price"": 212.28}",INR,256,97,13
356,"{""fulfillment"": ""Standard Delivery"", ""inventory_bucket"": ""LOW"", ""seller_score"": 4.03, ""estimated_cost_price"": 1659.19}",INR,1889,98,51
357,"{""fulfillment"": ""Next Day"", ""inventory_bucket"": ""MEDIUM"", ""seller_score"": 4.46, ""estimated_cost_price"": 1900.51}",INR,2216,98,2
358,"{""fulfillment"": ""Seller Fulfilled"", ""inventory_bucket"": ""MEDIUM"", ""seller_score"": 4.36, ""estimated_cost_price"": 1825.99}",INR,2096,98,4
359,"{""fulfillment"": ""Fast Delivery"", ""inventory_bucket"": ""LOW"", ""seller_score"": 4.72, ""estimated_cost_price"": 1901.67}",INR,2220,98,6
360,"{""fulfillment"": ""Seller Fulfilled"", ""inventory_bucket"": ""HIGH"", ""seller_score"": 4.11, ""estimated_cost_price"": 1426.85}",INR,1715,98,21
361,"{""fulfillment"": ""Standard Delivery"", ""inventory_bucket"": ""MEDIUM"", ""seller_score"": 4.55, ""estimated_cost_price"": 10155.15}",INR,11449,99,34
362,"{""fulfillment"": ""Seller Fulfilled"", ""inventory_bucket"": ""LOW"", ""seller_score"": 4.06, ""estimated_cost_price"": 11030.99}",INR,13624,99,43
363,"{""fulfillment"": ""Standard Delivery"", ""inventory_bucket"": ""MEDIUM"", ""seller_score"": 4.15, ""estimated_cost_price"": 1357.52}",INR,1650,100,50
364,"{""fulfillment"": ""Next Day"", ""inventory_bucket"": ""HIGH"", ""seller_score"": 4.59, ""estimated_cost_price"": 1190.97}",INR,1289,100,52
365,"{""fulfillment"": ""Seller Fulfilled"", ""inventory_bucket"": ""LOW"", ""seller_score"": 4.18, ""estimated_cost_price"": 2141.23}",INR,2424,101,28
366,"{""fulfillment"": ""Fast Delivery"", ""inventory_bucket"": ""MEDIUM"", ""seller_score"": 4.45, ""estimated_cost_price"": 1492.94}",INR,1661,101,14
367,"{""fulfillment"": ""Next Day"", ""inventory_bucket"": ""MEDIUM"", ""seller_score"": 4.63, ""estimated_cost_price"": 1703.28}",INR,2095,101,10
368,"{""fulfillment"": ""Standard Delivery"", ""inventory_bucket"": ""HIGH"", ""seller_score"": 4.25, ""estimated_cost_price"": 717.42}",INR,870,102,38
369,"{""fulfillment"": ""Seller Fulfilled"", ""inventory_bucket"": ""MEDIUM"", ""seller_score"": 4.0, ""estimated_cost_price"": 713.41}",INR,798,102,4
370,"{""fulfillment"": ""Next Day"", ""inventory_bucket"": ""MEDIUM"", ""seller_score"": 4.13, ""estimated_cost_price"": 621.3}",INR,732,102,32
371,"{""fulfillment"": ""Fast Delivery"", ""inventory_bucket"": ""MEDIUM"", ""seller_score"": 4.52, ""estimated_cost_price"": 622.09}",INR,763,102,35
372,"{""fulfillment"": ""Standard Delivery"", ""inventory_bucket"": ""MEDIUM"", ""seller_score"": 4.71, ""estimated_cost_price"": 4820.02}",INR,5216,103,24
373,"{""fulfillment"": ""Seller Fulfilled"", ""inventory_bucket"": ""HIGH"", ""seller_score"": 4.45, ""estimated_cost_price"": 3821.08}",INR,4178,103,31
374,"{""fulfillment"": ""Seller Fulfilled"", ""inventory_bucket"": ""HIGH"", ""seller_score"": 4.83, ""estimated_cost_price"": 3720.69}",INR,4239,103,46
375,"{""fulfillment"": ""Fast Delivery"", ""inventory_bucket"": ""MEDIUM"", ""seller_score"": 4.56, ""estimated_cost_price"": 1255.1}",INR,1369,104,45
376,"{""fulfillment"": ""Next Day"", ""inventory_bucket"": ""MEDIUM"", ""seller_score"": 4.33, ""estimated_cost_price"": 992.62}",INR,1235,104,51
377,"{""fulfillment"": ""Fast Delivery"", ""inventory_bucket"": ""MEDIUM"", ""seller_score"": 4.72, ""estimated_cost_price"": 674.78}",INR,794,105,52
378,"{""fulfillment"": ""Next Day"", ""inventory_bucket"": ""LOW"", ""seller_score"": 3.93, ""estimated_cost_price"": 700.41}",INR,887,105,44
379,"{""fulfillment"": ""Next Day"", ""inventory_bucket"": ""MEDIUM"", ""seller_score"": 4.87, ""estimated_cost_price"": 713.7}",INR,864,105,8
380,"{""fulfillment"": ""Standard Delivery"", ""inventory_bucket"": ""LOW"", ""seller_score"": 3.88, ""estimated_cost_price"": 661.24}",INR,802,105,35
381,"{""fulfillment"": ""Next Day"", ""inventory_bucket"": ""HIGH"", ""seller_score"": 3.92, ""estimated_cost_price"": 520.25}",INR,588,106,20
382,"{""fulfillment"": ""Standard Delivery"", ""inventory_bucket"": ""HIGH"", ""seller_score"": 4.71, ""estimated_cost_price"": 497.81}",INR,553,106,14
383,"{""fulfillment"": ""Next Day"", ""inventory_bucket"": ""LOW"", ""seller_score"": 4.85, ""estimated_cost_price"": 498.79}",INR,612,106,11
384,"{""fulfillment"": ""Next Day"", ""inventory_bucket"": ""HIGH"", ""seller_score"": 4.38, ""estimated_cost_price"": 3261.31}",INR,4013,107,6
385,"{""fulfillment"": ""Next Day"", ""inventory_bucket"": ""MEDIUM"", ""seller_score"": 4.27, ""estimated_cost_price"": 3007.01}",INR,3756,107,53
386,"{""fulfillment"": ""Next Day"", ""inventory_bucket"": ""LOW"", ""seller_score"": 4.16, ""estimated_cost_price"": 2404.74}",INR,2873,107,50
387,"{""fulfillment"": ""Fast Delivery"", ""inventory_bucket"": ""HIGH"", ""seller_score"": 4.54, ""estimated_cost_price"": 2097.8}",INR,2411,107,32
388,"{""fulfillment"": ""Standard Delivery"", ""inventory_bucket"": ""MEDIUM"", ""seller_score"": 4.53, ""estimated_cost_price"": 689.91}",INR,828,108,33
389,"{""fulfillment"": ""Seller Fulfilled"", ""inventory_bucket"": ""LOW"", ""seller_score"": 4.26, ""estimated_cost_price"": 523.9}",INR,623,108,5
390,"{""fulfillment"": ""Fast Delivery"", ""inventory_bucket"": ""HIGH"", ""seller_score"": 3.82, ""estimated_cost_price"": 493.94}",INR,543,108,23
391,"{""fulfillment"": ""Next Day"", ""inventory_bucket"": ""HIGH"", ""seller_score"": 4.05, ""estimated_cost_price"": 656.31}",INR,727,108,27
392,"{""fulfillment"": ""Standard Delivery"", ""inventory_bucket"": ""MEDIUM"", ""seller_score"": 4.44, ""estimated_cost_price"": 1912.96}",INR,2077,109,1
393,"{""fulfillment"": ""Seller Fulfilled"", ""inventory_bucket"": ""LOW"", ""seller_score"": 4.1, ""estimated_cost_price"": 1809.17}",INR,2151,109,26
394,"{""fulfillment"": ""Fast Delivery"", ""inventory_bucket"": ""LOW"", ""seller_score"": 4.69, ""estimated_cost_price"": 2357.32}",INR,2938,109,13
395,"{""fulfillment"": ""Next Day"", ""inventory_bucket"": ""MEDIUM"", ""seller_score"": 3.89, ""estimated_cost_price"": 490.65}",INR,615,110,55
396,"{""fulfillment"": ""Next Day"", ""inventory_bucket"": ""MEDIUM"", ""seller_score"": 3.98, ""estimated_cost_price"": 402.25}",INR,477,110,39
397,"{""fulfillment"": ""Fast Delivery"", ""inventory_bucket"": ""MEDIUM"", ""seller_score"": 4.55, ""estimated_cost_price"": 333.89}",INR,388,110,44
398,"{""fulfillment"": ""Standard Delivery"", ""inventory_bucket"": ""MEDIUM"", ""seller_score"": 4.79, ""estimated_cost_price"": 949.06}",INR,1193,111,44
399,"{""fulfillment"": ""Fast Delivery"", ""inventory_bucket"": ""LOW"", ""seller_score"": 4.24, ""estimated_cost_price"": 1010.71}",INR,1258,111,38
400,"{""fulfillment"": ""Next Day"", ""inventory_bucket"": ""MEDIUM"", ""seller_score"": 4.89, ""estimated_cost_price"": 761.93}",INR,847,111,53
401,"{""fulfillment"": ""Fast Delivery"", ""inventory_bucket"": ""LOW"", ""seller_score"": 4.25, ""estimated_cost_price"": 1069.46}",INR,1287,112,26
402,"{""fulfillment"": ""Seller Fulfilled"", ""inventory_bucket"": ""HIGH"", ""seller_score"": 4.41, ""estimated_cost_price"": 1174.54}",INR,1462,112,25
403,"{""fulfillment"": ""Fast Delivery"", ""inventory_bucket"": ""LOW"", ""seller_score"": 4.64, ""estimated_cost_price"": 987.06}",INR,1108,112,54
404,"{""fulfillment"": ""Seller Fulfilled"", ""inventory_bucket"": ""MEDIUM"", ""seller_score"": 4.54, ""estimated_cost_price"": 560.87}",INR,642,113,13
405,"{""fulfillment"": ""Next Day"", ""inventory_bucket"": ""HIGH"", ""seller_score"": 4.56, ""estimated_cost_price"": 503.64}",INR,567,113,17
406,"{""fulfillment"": ""Standard Delivery"", ""inventory_bucket"": ""LOW"", ""seller_score"": 3.85, ""estimated_cost_price"": 465.24}",INR,581,113,45
407,"{""fulfillment"": ""Seller Fulfilled"", ""inventory_bucket"": ""MEDIUM"", ""seller_score"": 4.08, ""estimated_cost_price"": 493.54}",INR,541,113,55
408,"{""fulfillment"": ""Fast Delivery"", ""inventory_bucket"": ""HIGH"", ""seller_score"": 3.86, ""estimated_cost_price"": 477.17}",INR,607,113,11
409,"{""fulfillment"": ""Next Day"", ""inventory_bucket"": ""MEDIUM"", ""seller_score"": 4.81, ""estimated_cost_price"": 12252.76}",INR,14069,114,1
410,"{""fulfillment"": ""Next Day"", ""inventory_bucket"": ""LOW"", ""seller_score"": 4.54, ""estimated_cost_price"": 11126.95}",INR,13780,114,46
411,"{""fulfillment"": ""Standard Delivery"", ""inventory_bucket"": ""MEDIUM"", ""seller_score"": 4.45, ""estimated_cost_price"": 1705.13}",INR,2058,115,46
412,"{""fulfillment"": ""Next Day"", ""inventory_bucket"": ""MEDIUM"", ""seller_score"": 4.71, ""estimated_cost_price"": 1729.2}",INR,1900,115,14
413,"{""fulfillment"": ""Fast Delivery"", ""inventory_bucket"": ""MEDIUM"", ""seller_score"": 4.58, ""estimated_cost_price"": 1537.97}",INR,1661,115,13
414,"{""fulfillment"": ""Standard Delivery"", ""inventory_bucket"": ""HIGH"", ""seller_score"": 3.89, ""estimated_cost_price"": 1104.81}",INR,1307,116,39
415,"{""fulfillment"": ""Fast Delivery"", ""inventory_bucket"": ""MEDIUM"", ""seller_score"": 3.99, ""estimated_cost_price"": 986.96}",INR,1085,116,14
416,"{""fulfillment"": ""Fast Delivery"", ""inventory_bucket"": ""MEDIUM"", ""seller_score"": 4.14, ""estimated_cost_price"": 1220.73}",INR,1398,116,53
417,"{""fulfillment"": ""Fast Delivery"", ""inventory_bucket"": ""HIGH"", ""seller_score"": 4.56, ""estimated_cost_price"": 714.12}",INR,854,117,2
418,"{""fulfillment"": ""Next Day"", ""inventory_bucket"": ""LOW"", ""seller_score"": 4.11, ""estimated_cost_price"": 786.78}",INR,854,117,19
419,"{""fulfillment"": ""Standard Delivery"", ""inventory_bucket"": ""HIGH"", ""seller_score"": 4.44, ""estimated_cost_price"": 667.3}",INR,785,117,17
420,"{""fulfillment"": ""Next Day"", ""inventory_bucket"": ""HIGH"", ""seller_score"": 4.7, ""estimated_cost_price"": 236.7}",INR,286,118,6
421,"{""fulfillment"": ""Fast Delivery"", ""inventory_bucket"": ""HIGH"", ""seller_score"": 4.44, ""estimated_cost_price"": 242.68}",INR,301,118,1
422,"{""fulfillment"": ""Next Day"", ""inventory_bucket"": ""HIGH"", ""seller_score"": 4.8, ""estimated_cost_price"": 250.27}",INR,288,118,31
423,"{""fulfillment"": ""Next Day"", ""inventory_bucket"": ""HIGH"", ""seller_score"": 4.63, ""estimated_cost_price"": 218.33}",INR,253,118,9
424,"{""fulfillment"": ""Standard Delivery"", ""inventory_bucket"": ""LOW"", ""seller_score"": 3.87, ""estimated_cost_price"": 240.17}",INR,278,118,21
425,"{""fulfillment"": ""Seller Fulfilled"", ""inventory_bucket"": ""MEDIUM"", ""seller_score"": 3.93, ""estimated_cost_price"": 1294.04}",INR,1501,119,36
426,"{""fulfillment"": ""Fast Delivery"", ""inventory_bucket"": ""MEDIUM"", ""seller_score"": 4.83, ""estimated_cost_price"": 1453.51}",INR,1806,119,4
427,"{""fulfillment"": ""Seller Fulfilled"", ""inventory_bucket"": ""LOW"", ""seller_score"": 3.94, ""estimated_cost_price"": 4520.41}",INR,5188,120,39
428,"{""fulfillment"": ""Standard Delivery"", ""inventory_bucket"": ""HIGH"", ""seller_score"": 4.43, ""estimated_cost_price"": 3523.52}",INR,4420,120,43
429,"{""fulfillment"": ""Next Day"", ""inventory_bucket"": ""MEDIUM"", ""seller_score"": 3.96, ""estimated_cost_price"": 4329.62}",INR,4933,120,52
430,"{""fulfillment"": ""Next Day"", ""inventory_bucket"": ""HIGH"", ""seller_score"": 3.89, ""estimated_cost_price"": 3863.55}",INR,4813,120,46
431,"{""fulfillment"": ""Fast Delivery"", ""inventory_bucket"": ""MEDIUM"", ""seller_score"": 4.87, ""estimated_cost_price"": 813.28}",INR,1021,121,9
432,"{""fulfillment"": ""Fast Delivery"", ""inventory_bucket"": ""HIGH"", ""seller_score"": 4.33, ""estimated_cost_price"": 678.64}",INR,824,121,36
433,"{""fulfillment"": ""Next Day"", ""inventory_bucket"": ""MEDIUM"", ""seller_score"": 4.28, ""estimated_cost_price"": 884.17}",INR,978,121,3
434,"{""fulfillment"": ""Next Day"", ""inventory_bucket"": ""LOW"", ""seller_score"": 3.85, ""estimated_cost_price"": 747.74}",INR,874,121,38
435,"{""fulfillment"": ""Next Day"", ""inventory_bucket"": ""LOW"", ""seller_score"": 4.66, ""estimated_cost_price"": 686.65}",INR,828,122,21
436,"{""fulfillment"": ""Standard Delivery"", ""inventory_bucket"": ""LOW"", ""seller_score"": 4.0, ""estimated_cost_price"": 634.0}",INR,757,122,46
437,"{""fulfillment"": ""Standard Delivery"", ""inventory_bucket"": ""HIGH"", ""seller_score"": 3.98, ""estimated_cost_price"": 915.14}",INR,1069,123,3
438,"{""fulfillment"": ""Standard Delivery"", ""inventory_bucket"": ""MEDIUM"", ""seller_score"": 4.72, ""estimated_cost_price"": 865.71}",INR,1001,123,9
439,"{""fulfillment"": ""Standard Delivery"", ""inventory_bucket"": ""MEDIUM"", ""seller_score"": 4.86, ""estimated_cost_price"": 883.05}",INR,1052,123,32
440,"{""fulfillment"": ""Standard Delivery"", ""inventory_bucket"": ""HIGH"", ""seller_score"": 4.73, ""estimated_cost_price"": 908.45}",INR,1153,123,54
441,"{""fulfillment"": ""Next Day"", ""inventory_bucket"": ""LOW"", ""seller_score"": 4.89, ""estimated_cost_price"": 4497.8}",INR,5180,124,28
442,"{""fulfillment"": ""Next Day"", ""inventory_bucket"": ""LOW"", ""seller_score"": 4.51, ""estimated_cost_price"": 3962.77}",INR,4811,124,11
443,"{""fulfillment"": ""Fast Delivery"", ""inventory_bucket"": ""LOW"", ""seller_score"": 4.46, ""estimated_cost_price"": 4171.41}",INR,5303,124,21
444,"{""fulfillment"": ""Seller Fulfilled"", ""inventory_bucket"": ""LOW"", ""seller_score"": 4.4, ""estimated_cost_price"": 5719.16}",INR,6952,124,48
445,"{""fulfillment"": ""Fast Delivery"", ""inventory_bucket"": ""HIGH"", ""seller_score"": 4.76, ""estimated_cost_price"": 4337.46}",INR,4893,125,3
446,"{""fulfillment"": ""Next Day"", ""inventory_bucket"": ""MEDIUM"", ""seller_score"": 4.6, ""estimated_cost_price"": 3487.01}",INR,3999,125,31
447,"{""fulfillment"": ""Seller Fulfilled"", ""inventory_bucket"": ""MEDIUM"", ""seller_score"": 4.26, ""estimated_cost_price"": 3918.1}",INR,4341,125,17
448,"{""fulfillment"": ""Next Day"", ""inventory_bucket"": ""MEDIUM"", ""seller_score"": 3.97, ""estimated_cost_price"": 2457.11}",INR,2719,126,29
449,"{""fulfillment"": ""Next Day"", ""inventory_bucket"": ""LOW"", ""seller_score"": 4.26, ""estimated_cost_price"": 2842.66}",INR,3345,126,23
450,"{""fulfillment"": ""Fast Delivery"", ""inventory_bucket"": ""MEDIUM"", ""seller_score"": 4.62, ""estimated_cost_price"": 4162.6}",INR,4671,127,8
451,"{""fulfillment"": ""Fast Delivery"", ""inventory_bucket"": ""LOW"", ""seller_score"": 4.61, ""estimated_cost_price"": 3870.06}",INR,4796,127,23
452,"{""fulfillment"": ""Standard Delivery"", ""inventory_bucket"": ""HIGH"", ""seller_score"": 3.81, ""estimated_cost_price"": 4384.5}",INR,4988,127,6
453,"{""fulfillment"": ""Fast Delivery"", ""inventory_bucket"": ""MEDIUM"", ""seller_score"": 3.9, ""estimated_cost_price"": 296.94}",INR,349,128,38
454,"{""fulfillment"": ""Seller Fulfilled"", ""inventory_bucket"": ""LOW"", ""seller_score"": 4.43, ""estimated_cost_price"": 256.47}",INR,321,128,1
455,"{""fulfillment"": ""Next Day"", ""inventory_bucket"": ""HIGH"", ""seller_score"": 4.1, ""estimated_cost_price"": 306.28}",INR,342,128,34
456,"{""fulfillment"": ""Standard Delivery"", ""inventory_bucket"": ""HIGH"", ""seller_score"": 3.9, ""estimated_cost_price"": 1061.68}",INR,1164,129,22
457,"{""fulfillment"": ""Seller Fulfilled"", ""inventory_bucket"": ""MEDIUM"", ""seller_score"": 4.54, ""estimated_cost_price"": 921.24}",INR,1115,129,2
458,"{""fulfillment"": ""Fast Delivery"", ""inventory_bucket"": ""LOW"", ""seller_score"": 4.55, ""estimated_cost_price"": 338.96}",INR,411,130,38
459,"{""fulfillment"": ""Seller Fulfilled"", ""inventory_bucket"": ""MEDIUM"", ""seller_score"": 4.08, ""estimated_cost_price"": 366.31}",INR,461,130,7
460,"{""fulfillment"": ""Next Day"", ""inventory_bucket"": ""MEDIUM"", ""seller_score"": 4.14, ""estimated_cost_price"": 409.93}",INR,505,130,54
461,"{""fulfillment"": ""Standard Delivery"", ""inventory_bucket"": ""HIGH"", ""seller_score"": 4.56, ""estimated_cost_price"": 439.76}",INR,542,130,21
462,"{""fulfillment"": ""Next Day"", ""inventory_bucket"": ""MEDIUM"", ""seller_score"": 4.14, ""estimated_cost_price"": 3572.21}",INR,4218,131,22
463,"{""fulfillment"": ""Fast Delivery"", ""inventory_bucket"": ""LOW"", ""seller_score"": 4.8, ""estimated_cost_price"": 3868.92}",INR,4785,131,3
464,"{""fulfillment"": ""Standard Delivery"", ""inventory_bucket"": ""MEDIUM"", ""seller_score"": 3.87, ""estimated_cost_price"": 401.47}",INR,461,132,52
465,"{""fulfillment"": ""Seller Fulfilled"", ""inventory_bucket"": ""HIGH"", ""seller_score"": 4.74, ""estimated_cost_price"": 299.92}",INR,375,132,42
466,"{""fulfillment"": ""Next Day"", ""inventory_bucket"": ""LOW"", ""seller_score"": 4.36, ""estimated_cost_price"": 938.61}",INR,1135,133,36
467,"{""fulfillment"": ""Next Day"", ""inventory_bucket"": ""MEDIUM"", ""seller_score"": 4.63, ""estimated_cost_price"": 994.39}",INR,1206,133,39
468,"{""fulfillment"": ""Seller Fulfilled"", ""inventory_bucket"": ""LOW"", ""seller_score"": 4.08, ""estimated_cost_price"": 1040.76}",INR,1265,134,16
469,"{""fulfillment"": ""Fast Delivery"", ""inventory_bucket"": ""LOW"", ""seller_score"": 4.72, ""estimated_cost_price"": 978.52}",INR,1090,134,50
470,"{""fulfillment"": ""Next Day"", ""inventory_bucket"": ""MEDIUM"", ""seller_score"": 4.58, ""estimated_cost_price"": 887.46}",INR,1106,134,26
471,"{""fulfillment"": ""Standard Delivery"", ""inventory_bucket"": ""MEDIUM"", ""seller_score"": 4.25, ""estimated_cost_price"": 6952.15}",INR,7665,135,42
472,"{""fulfillment"": ""Next Day"", ""inventory_bucket"": ""HIGH"", ""seller_score"": 4.13, ""estimated_cost_price"": 8163.98}",INR,10355,135,49
473,"{""fulfillment"": ""Standard Delivery"", ""inventory_bucket"": ""HIGH"", ""seller_score"": 4.18, ""estimated_cost_price"": 7991.94}",INR,9202,135,10
474,"{""fulfillment"": ""Fast Delivery"", ""inventory_bucket"": ""MEDIUM"", ""seller_score"": 3.88, ""estimated_cost_price"": 7596.32}",INR,8584,135,8
475,"{""fulfillment"": ""Fast Delivery"", ""inventory_bucket"": ""MEDIUM"", ""seller_score"": 4.26, ""estimated_cost_price"": 2481.61}",INR,3002,136,54
476,"{""fulfillment"": ""Next Day"", ""inventory_bucket"": ""MEDIUM"", ""seller_score"": 4.81, ""estimated_cost_price"": 2648.72}",INR,3091,136,24
477,"{""fulfillment"": ""Next Day"", ""inventory_bucket"": ""MEDIUM"", ""seller_score"": 4.62, ""estimated_cost_price"": 600.09}",INR,749,137,18
478,"{""fulfillment"": ""Fast Delivery"", ""inventory_bucket"": ""MEDIUM"", ""seller_score"": 4.18, ""estimated_cost_price"": 695.59}",INR,823,137,37
479,"{""fulfillment"": ""Next Day"", ""inventory_bucket"": ""LOW"", ""seller_score"": 4.01, ""estimated_cost_price"": 503.73}",INR,549,137,39
480,"{""fulfillment"": ""Seller Fulfilled"", ""inventory_bucket"": ""HIGH"", ""seller_score"": 4.75, ""estimated_cost_price"": 575.87}",INR,721,137,28
481,"{""fulfillment"": ""Standard Delivery"", ""inventory_bucket"": ""MEDIUM"", ""seller_score"": 4.39, ""estimated_cost_price"": 778.41}",INR,879,137,6
482,"{""fulfillment"": ""Fast Delivery"", ""inventory_bucket"": ""MEDIUM"", ""seller_score"": 4.7, ""estimated_cost_price"": 247.73}",INR,279,138,42
483,"{""fulfillment"": ""Seller Fulfilled"", ""inventory_bucket"": ""MEDIUM"", ""seller_score"": 4.41, ""estimated_cost_price"": 273.17}",INR,305,138,44
484,"{""fulfillment"": ""Next Day"", ""inventory_bucket"": ""MEDIUM"", ""seller_score"": 4.85, ""estimated_cost_price"": 302.28}",INR,333,138,46
485,"{""fulfillment"": ""Standard Delivery"", ""inventory_bucket"": ""LOW"", ""seller_score"": 3.94, ""estimated_cost_price"": 2098.04}",INR,2532,139,52
486,"{""fulfillment"": ""Fast Delivery"", ""inventory_bucket"": ""HIGH"", ""seller_score"": 4.75, ""estimated_cost_price"": 1982.78}",INR,2239,139,31
487,"{""fulfillment"": ""Standard Delivery"", ""inventory_bucket"": ""HIGH"", ""seller_score"": 4.78, ""estimated_cost_price"": 162.95}",INR,203,140,54
488,"{""fulfillment"": ""Seller Fulfilled"", ""inventory_bucket"": ""HIGH"", ""seller_score"": 3.98, ""estimated_cost_price"": 151.12}",INR,184,140,16
489,"{""fulfillment"": ""Seller Fulfilled"", ""inventory_bucket"": ""LOW"", ""seller_score"": 4.22, ""estimated_cost_price"": 159.05}",INR,175,140,34
490,"{""fulfillment"": ""Seller Fulfilled"", ""inventory_bucket"": ""HIGH"", ""seller_score"": 4.23, ""estimated_cost_price"": 168.74}",INR,188,140,28
491,"{""fulfillment"": ""Standard Delivery"", ""inventory_bucket"": ""MEDIUM"", ""seller_score"": 4.49, ""estimated_cost_price"": 3984.75}",INR,4577,141,27
492,"{""fulfillment"": ""Standard Delivery"", ""inventory_bucket"": ""HIGH"", ""seller_score"": 4.17, ""estimated_cost_price"": 3991.66}",INR,4366,141,7
493,"{""fulfillment"": ""Seller Fulfilled"", ""inventory_bucket"": ""HIGH"", ""seller_score"": 4.02, ""estimated_cost_price"": 4694.09}",INR,5194,141,30
494,"{""fulfillment"": ""Seller Fulfilled"", ""inventory_bucket"": ""LOW"", ""seller_score"": 4.32, ""estimated_cost_price"": 4212.42}",INR,4721,141,43
495,"{""fulfillment"": ""Next Day"", ""inventory_bucket"": ""LOW"", ""seller_score"": 4.15, ""estimated_cost_price"": 4040.64}",INR,4922,141,47
496,"{""fulfillment"": ""Seller Fulfilled"", ""inventory_bucket"": ""MEDIUM"", ""seller_score"": 4.8, ""estimated_cost_price"": 396.08}",INR,435,142,54
497,"{""fulfillment"": ""Standard Delivery"", ""inventory_bucket"": ""MEDIUM"", ""seller_score"": 4.62, ""estimated_cost_price"": 398.54}",INR,447,142,26
498,"{""fulfillment"": ""Next Day"", ""inventory_bucket"": ""HIGH"", ""seller_score"": 4.21, ""estimated_cost_price"": 399.3}",INR,457,142,3
499,"{""fulfillment"": ""Fast Delivery"", ""inventory_bucket"": ""LOW"", ""seller_score"": 4.31, ""estimated_cost_price"": 1187.17}",INR,1343,143,40
500,"{""fulfillment"": ""Seller Fulfilled"", ""inventory_bucket"": ""HIGH"", ""seller_score"": 4.19, ""estimated_cost_price"": 1063.98}",INR,1253,143,52
501,"{""fulfillment"": ""Standard Delivery"", ""inventory_bucket"": ""HIGH"", ""seller_score"": 4.67, ""estimated_cost_price"": 1221.79}",INR,1408,143,17
502,"{""fulfillment"": ""Seller Fulfilled"", ""inventory_bucket"": ""MEDIUM"", ""seller_score"": 4.54, ""estimated_cost_price"": 1229.06}",INR,1426,143,22
503,"{""fulfillment"": ""Seller Fulfilled"", ""inventory_bucket"": ""LOW"", ""seller_score"": 4.12, ""estimated_cost_price"": 1115.62}",INR,1250,143,12
504,"{""fulfillment"": ""Next Day"", ""inventory_bucket"": ""HIGH"", ""seller_score"": 4.79, ""estimated_cost_price"": 1035.54}",INR,1217,144,8
505,"{""fulfillment"": ""Next Day"", ""inventory_bucket"": ""HIGH"", ""seller_score"": 4.88, ""estimated_cost_price"": 789.16}",INR,858,144,1
506,"{""fulfillment"": ""Next Day"", ""inventory_bucket"": ""MEDIUM"", ""seller_score"": 4.65, ""estimated_cost_price"": 960.42}",INR,1178,144,11
507,"{""fulfillment"": ""Standard Delivery"", ""inventory_bucket"": ""HIGH"", ""seller_score"": 4.7, ""estimated_cost_price"": 1015.95}",INR,1164,144,42
508,"{""fulfillment"": ""Next Day"", ""inventory_bucket"": ""MEDIUM"", ""seller_score"": 4.73, ""estimated_cost_price"": 1006.85}",INR,1244,144,31
509,"{""fulfillment"": ""Fast Delivery"", ""inventory_bucket"": ""LOW"", ""seller_score"": 3.85, ""estimated_cost_price"": 451.23}",INR,506,145,9
510,"{""fulfillment"": ""Seller Fulfilled"", ""inventory_bucket"": ""HIGH"", ""seller_score"": 4.38, ""estimated_cost_price"": 570.23}",INR,722,145,1
511,"{""fulfillment"": ""Next Day"", ""inventory_bucket"": ""HIGH"", ""seller_score"": 3.98, ""estimated_cost_price"": 701.29}",INR,842,146,55
512,"{""fulfillment"": ""Fast Delivery"", ""inventory_bucket"": ""HIGH"", ""seller_score"": 4.53, ""estimated_cost_price"": 793.49}",INR,887,146,2
513,"{""fulfillment"": ""Fast Delivery"", ""inventory_bucket"": ""MEDIUM"", ""seller_score"": 4.0, ""estimated_cost_price"": 706.0}",INR,876,146,14
514,"{""fulfillment"": ""Next Day"", ""inventory_bucket"": ""LOW"", ""seller_score"": 4.81, ""estimated_cost_price"": 1253.26}",INR,1587,147,6
515,"{""fulfillment"": ""Next Day"", ""inventory_bucket"": ""MEDIUM"", ""seller_score"": 4.41, ""estimated_cost_price"": 1209.06}",INR,1309,147,20
516,"{""fulfillment"": ""Seller Fulfilled"", ""inventory_bucket"": ""LOW"", ""seller_score"": 4.27, ""estimated_cost_price"": 1273.15}",INR,1498,147,50
517,"{""fulfillment"": ""Next Day"", ""inventory_bucket"": ""MEDIUM"", ""seller_score"": 4.43, ""estimated_cost_price"": 594.32}",INR,649,148,10
518,"{""fulfillment"": ""Next Day"", ""inventory_bucket"": ""LOW"", ""seller_score"": 4.09, ""estimated_cost_price"": 797.35}",INR,996,148,48
519,"{""fulfillment"": ""Next Day"", ""inventory_bucket"": ""HIGH"", ""seller_score"": 4.2, ""estimated_cost_price"": 709.71}",INR,782,148,45
520,"{""fulfillment"": ""Next Day"", ""inventory_bucket"": ""LOW"", ""seller_score"": 4.49, ""estimated_cost_price"": 1265.77}",INR,1439,149,13
521,"{""fulfillment"": ""Standard Delivery"", ""inventory_bucket"": ""LOW"", ""seller_score"": 4.8, ""estimated_cost_price"": 937.62}",INR,1104,149,19
522,"{""fulfillment"": ""Seller Fulfilled"", ""inventory_bucket"": ""HIGH"", ""seller_score"": 3.82, ""estimated_cost_price"": 1171.02}",INR,1288,149,37
523,"{""fulfillment"": ""Standard Delivery"", ""inventory_bucket"": ""LOW"", ""seller_score"": 4.44, ""estimated_cost_price"": 735.34}",INR,813,150,27
524,"{""fulfillment"": ""Next Day"", ""inventory_bucket"": ""MEDIUM"", ""seller_score"": 4.02, ""estimated_cost_price"": 766.54}",INR,875,150,55
525,"{""fulfillment"": ""Next Day"", ""inventory_bucket"": ""HIGH"", ""seller_score"": 4.48, ""estimated_cost_price"": 663.31}",INR,746,150,32
526,"{""fulfillment"": ""Next Day"", ""inventory_bucket"": ""LOW"", ""seller_score"": 4.65, ""estimated_cost_price"": 778.87}",INR,873,150,48
527,"{""fulfillment"": ""Seller Fulfilled"", ""inventory_bucket"": ""HIGH"", ""seller_score"": 4.39, ""estimated_cost_price"": 701.1}",INR,769,150,38
528,"{""fulfillment"": ""Standard Delivery"", ""inventory_bucket"": ""HIGH"", ""seller_score"": 4.2, ""estimated_cost_price"": 692.11}",INR,841,151,28
529,"{""fulfillment"": ""Seller Fulfilled"", ""inventory_bucket"": ""MEDIUM"", ""seller_score"": 4.61, ""estimated_cost_price"": 733.85}",INR,910,151,37
530,"{""fulfillment"": ""Standard Delivery"", ""inventory_bucket"": ""MEDIUM"", ""seller_score"": 4.21, ""estimated_cost_price"": 1140.59}",INR,1455,152,31
531,"{""fulfillment"": ""Next Day"", ""inventory_bucket"": ""LOW"", ""seller_score"": 4.23, ""estimated_cost_price"": 1483.91}",INR,1827,152,8
532,"{""fulfillment"": ""Fast Delivery"", ""inventory_bucket"": ""MEDIUM"", ""seller_score"": 4.19, ""estimated_cost_price"": 1409.5}",INR,1570,152,32
533,"{""fulfillment"": ""Fast Delivery"", ""inventory_bucket"": ""MEDIUM"", ""seller_score"": 4.57, ""estimated_cost_price"": 1316.44}",INR,1532,152,40
534,"{""fulfillment"": ""Standard Delivery"", ""inventory_bucket"": ""MEDIUM"", ""seller_score"": 4.26, ""estimated_cost_price"": 979.45}",INR,1250,152,42
535,"{""fulfillment"": ""Standard Delivery"", ""inventory_bucket"": ""HIGH"", ""seller_score"": 4.22, ""estimated_cost_price"": 767.2}",INR,901,153,33
536,"{""fulfillment"": ""Next Day"", ""inventory_bucket"": ""LOW"", ""seller_score"": 4.77, ""estimated_cost_price"": 870.7}",INR,1013,153,15
537,"{""fulfillment"": ""Standard Delivery"", ""inventory_bucket"": ""HIGH"", ""seller_score"": 4.74, ""estimated_cost_price"": 572.84}",INR,672,153,38
538,"{""fulfillment"": ""Standard Delivery"", ""inventory_bucket"": ""MEDIUM"", ""seller_score"": 4.17, ""estimated_cost_price"": 909.58}",INR,1013,154,27
539,"{""fulfillment"": ""Fast Delivery"", ""inventory_bucket"": ""HIGH"", ""seller_score"": 4.88, ""estimated_cost_price"": 1344.7}",INR,1643,154,54
540,"{""fulfillment"": ""Fast Delivery"", ""inventory_bucket"": ""MEDIUM"", ""seller_score"": 3.95, ""estimated_cost_price"": 1209.13}",INR,1493,154,44
541,"{""fulfillment"": ""Seller Fulfilled"", ""inventory_bucket"": ""HIGH"", ""seller_score"": 4.28, ""estimated_cost_price"": 1061.17}",INR,1336,154,42
542,"{""fulfillment"": ""Next Day"", ""inventory_bucket"": ""LOW"", ""seller_score"": 4.86, ""estimated_cost_price"": 1041.34}",INR,1318,154,48
543,"{""fulfillment"": ""Next Day"", ""inventory_bucket"": ""LOW"", ""seller_score"": 4.25, ""estimated_cost_price"": 590.77}",INR,671,155,13
544,"{""fulfillment"": ""Next Day"", ""inventory_bucket"": ""MEDIUM"", ""seller_score"": 4.15, ""estimated_cost_price"": 592.29}",INR,670,155,11
545,"{""fulfillment"": ""Standard Delivery"", ""inventory_bucket"": ""LOW"", ""seller_score"": 4.69, ""estimated_cost_price"": 615.69}",INR,666,155,39
546,"{""fulfillment"": ""Standard Delivery"", ""inventory_bucket"": ""MEDIUM"", ""seller_score"": 4.56, ""estimated_cost_price"": 729.48}",INR,853,156,36
547,"{""fulfillment"": ""Standard Delivery"", ""inventory_bucket"": ""HIGH"", ""seller_score"": 4.74, ""estimated_cost_price"": 728.86}",INR,930,156,4
548,"{""fulfillment"": ""Fast Delivery"", ""inventory_bucket"": ""LOW"", ""seller_score"": 4.21, ""estimated_cost_price"": 752.68}",INR,905,156,2
549,"{""fulfillment"": ""Standard Delivery"", ""inventory_bucket"": ""MEDIUM"", ""seller_score"": 4.43, ""estimated_cost_price"": 625.23}",INR,775,157,52
550,"{""fulfillment"": ""Seller Fulfilled"", ""inventory_bucket"": ""HIGH"", ""seller_score"": 4.36, ""estimated_cost_price"": 583.74}",INR,706,157,5
551,"{""fulfillment"": ""Next Day"", ""inventory_bucket"": ""MEDIUM"", ""seller_score"": 4.59, ""estimated_cost_price"": 3832.07}",INR,4586,158,8
552,"{""fulfillment"": ""Standard Delivery"", ""inventory_bucket"": ""MEDIUM"", ""seller_score"": 4.07, ""estimated_cost_price"": 2902.04}",INR,3690,158,36
553,"{""fulfillment"": ""Seller Fulfilled"", ""inventory_bucket"": ""HIGH"", ""seller_score"": 4.61, ""estimated_cost_price"": 3756.13}",INR,4262,158,15
554,"{""fulfillment"": ""Seller Fulfilled"", ""inventory_bucket"": ""HIGH"", ""seller_score"": 4.14, ""estimated_cost_price"": 1355.26}",INR,1516,159,10
555,"{""fulfillment"": ""Seller Fulfilled"", ""inventory_bucket"": ""MEDIUM"", ""seller_score"": 4.47, ""estimated_cost_price"": 1393.83}",INR,1705,159,55
556,"{""fulfillment"": ""Next Day"", ""inventory_bucket"": ""LOW"", ""seller_score"": 4.73, ""estimated_cost_price"": 1142.56}",INR,1241,159,45
557,"{""fulfillment"": ""Seller Fulfilled"", ""inventory_bucket"": ""HIGH"", ""seller_score"": 4.4, ""estimated_cost_price"": 1188.56}",INR,1431,159,33
558,"{""fulfillment"": ""Seller Fulfilled"", ""inventory_bucket"": ""HIGH"", ""seller_score"": 4.23, ""estimated_cost_price"": 625.58}",INR,722,160,53
559,"{""fulfillment"": ""Seller Fulfilled"", ""inventory_bucket"": ""LOW"", ""seller_score"": 4.66, ""estimated_cost_price"": 581.08}",INR,686,160,36
560,"{""fulfillment"": ""Fast Delivery"", ""inventory_bucket"": ""HIGH"", ""seller_score"": 4.25, ""estimated_cost_price"": 4342.29}",INR,4698,161,14
561,"{""fulfillment"": ""Standard Delivery"", ""inventory_bucket"": ""HIGH"", ""seller_score"": 4.56, ""estimated_cost_price"": 3896.7}",INR,4775,161,24
562,"{""fulfillment"": ""Fast Delivery"", ""inventory_bucket"": ""HIGH"", ""seller_score"": 4.1, ""estimated_cost_price"": 309.38}",INR,369,162,49
563,"{""fulfillment"": ""Standard Delivery"", ""inventory_bucket"": ""MEDIUM"", ""seller_score"": 4.06, ""estimated_cost_price"": 298.36}",INR,325,162,33
564,"{""fulfillment"": ""Fast Delivery"", ""inventory_bucket"": ""LOW"", ""seller_score"": 4.82, ""estimated_cost_price"": 245.55}",INR,272,162,32
565,"{""fulfillment"": ""Fast Delivery"", ""inventory_bucket"": ""MEDIUM"", ""seller_score"": 4.72, ""estimated_cost_price"": 235.51}",INR,285,162,47
566,"{""fulfillment"": ""Next Day"", ""inventory_bucket"": ""LOW"", ""seller_score"": 4.12, ""estimated_cost_price"": 282.29}",INR,329,162,7
567,"{""fulfillment"": ""Standard Delivery"", ""inventory_bucket"": ""MEDIUM"", ""seller_score"": 4.38, ""estimated_cost_price"": 4844.06}",INR,6081,163,54
568,"{""fulfillment"": ""Fast Delivery"", ""inventory_bucket"": ""LOW"", ""seller_score"": 3.85, ""estimated_cost_price"": 4767.11}",INR,5256,163,52
569,"{""fulfillment"": ""Standard Delivery"", ""inventory_bucket"": ""MEDIUM"", ""seller_score"": 3.92, ""estimated_cost_price"": 4560.58}",INR,5573,163,31
570,"{""fulfillment"": ""Next Day"", ""inventory_bucket"": ""LOW"", ""seller_score"": 3.83, ""estimated_cost_price"": 171.65}",INR,217,164,24
571,"{""fulfillment"": ""Fast Delivery"", ""inventory_bucket"": ""MEDIUM"", ""seller_score"": 4.51, ""estimated_cost_price"": 230.72}",INR,279,164,41
572,"{""fulfillment"": ""Next Day"", ""inventory_bucket"": ""MEDIUM"", ""seller_score"": 4.57, ""estimated_cost_price"": 224.88}",INR,280,164,43
573,"{""fulfillment"": ""Next Day"", ""inventory_bucket"": ""HIGH"", ""seller_score"": 3.87, ""estimated_cost_price"": 183.59}",INR,218,164,16
574,"{""fulfillment"": ""Standard Delivery"", ""inventory_bucket"": ""LOW"", ""seller_score"": 4.15, ""estimated_cost_price"": 172.99}",INR,196,164,10
575,"{""fulfillment"": ""Seller Fulfilled"", ""inventory_bucket"": ""LOW"", ""seller_score"": 3.88, ""estimated_cost_price"": 3606.58}",INR,4226,165,10
576,"{""fulfillment"": ""Standard Delivery"", ""inventory_bucket"": ""MEDIUM"", ""seller_score"": 4.01, ""estimated_cost_price"": 3788.17}",INR,4508,165,50
577,"{""fulfillment"": ""Next Day"", ""inventory_bucket"": ""LOW"", ""seller_score"": 4.4, ""estimated_cost_price"": 3886.62}",INR,4464,165,1
578,"{""fulfillment"": ""Next Day"", ""inventory_bucket"": ""LOW"", ""seller_score"": 4.72, ""estimated_cost_price"": 3717.38}",INR,4452,165,46
579,"{""fulfillment"": ""Next Day"", ""inventory_bucket"": ""LOW"", ""seller_score"": 3.83, ""estimated_cost_price"": 2942.09}",INR,3339,165,52
580,"{""fulfillment"": ""Standard Delivery"", ""inventory_bucket"": ""MEDIUM"", ""seller_score"": 3.94, ""estimated_cost_price"": 711.15}",INR,786,166,37
581,"{""fulfillment"": ""Next Day"", ""inventory_bucket"": ""HIGH"", ""seller_score"": 4.48, ""estimated_cost_price"": 675.2}",INR,807,166,4
582,"{""fulfillment"": ""Standard Delivery"", ""inventory_bucket"": ""HIGH"", ""seller_score"": 4.15, ""estimated_cost_price"": 493.69}",INR,596,166,41
583,"{""fulfillment"": ""Fast Delivery"", ""inventory_bucket"": ""HIGH"", ""seller_score"": 4.81, ""estimated_cost_price"": 3912.95}",INR,4613,167,23
584,"{""fulfillment"": ""Next Day"", ""inventory_bucket"": ""MEDIUM"", ""seller_score"": 3.97, ""estimated_cost_price"": 4075.36}",INR,4591,167,1
585,"{""fulfillment"": ""Fast Delivery"", ""inventory_bucket"": ""HIGH"", ""seller_score"": 4.12, ""estimated_cost_price"": 4734.09}",INR,5390,167,53
586,"{""fulfillment"": ""Next Day"", ""inventory_bucket"": ""HIGH"", ""seller_score"": 4.8, ""estimated_cost_price"": 4691.45}",INR,5683,167,18
587,"{""fulfillment"": ""Fast Delivery"", ""inventory_bucket"": ""MEDIUM"", ""seller_score"": 3.9, ""estimated_cost_price"": 368.36}",INR,420,168,52
588,"{""fulfillment"": ""Seller Fulfilled"", ""inventory_bucket"": ""LOW"", ""seller_score"": 3.91, ""estimated_cost_price"": 343.14}",INR,384,168,51
589,"{""fulfillment"": ""Standard Delivery"", ""inventory_bucket"": ""MEDIUM"", ""seller_score"": 4.49, ""estimated_cost_price"": 403.06}",INR,490,168,42
590,"{""fulfillment"": ""Fast Delivery"", ""inventory_bucket"": ""HIGH"", ""seller_score"": 4.56, ""estimated_cost_price"": 446.52}",INR,497,168,26
591,"{""fulfillment"": ""Standard Delivery"", ""inventory_bucket"": ""HIGH"", ""seller_score"": 4.8, ""estimated_cost_price"": 3108.37}",INR,3842,169,14
592,"{""fulfillment"": ""Standard Delivery"", ""inventory_bucket"": ""HIGH"", ""seller_score"": 3.99, ""estimated_cost_price"": 2808.12}",INR,3561,169,6
593,"{""fulfillment"": ""Fast Delivery"", ""inventory_bucket"": ""LOW"", ""seller_score"": 4.08, ""estimated_cost_price"": 2899.91}",INR,3550,169,33
594,"{""fulfillment"": ""Seller Fulfilled"", ""inventory_bucket"": ""HIGH"", ""seller_score"": 4.25, ""estimated_cost_price"": 2290.23}",INR,2772,169,36
595,"{""fulfillment"": ""Next Day"", ""inventory_bucket"": ""HIGH"", ""seller_score"": 4.09, ""estimated_cost_price"": 3251.2}",INR,3649,170,16
596,"{""fulfillment"": ""Seller Fulfilled"", ""inventory_bucket"": ""HIGH"", ""seller_score"": 3.98, ""estimated_cost_price"": 4267.86}",INR,5432,170,54
597,"{""fulfillment"": ""Seller Fulfilled"", ""inventory_bucket"": ""MEDIUM"", ""seller_score"": 4.49, ""estimated_cost_price"": 3242.56}",INR,4138,170,50
598,"{""fulfillment"": ""Standard Delivery"", ""inventory_bucket"": ""HIGH"", ""seller_score"": 4.44, ""estimated_cost_price"": 3321.21}",INR,3667,170,20
599,"{""fulfillment"": ""Seller Fulfilled"", ""inventory_bucket"": ""MEDIUM"", ""seller_score"": 4.5, ""estimated_cost_price"": 179.58}",INR,207,171,8
600,"{""fulfillment"": ""Standard Delivery"", ""inventory_bucket"": ""HIGH"", ""seller_score"": 4.45, ""estimated_cost_price"": 184.73}",INR,229,171,4
601,"{""fulfillment"": ""Seller Fulfilled"", ""inventory_bucket"": ""MEDIUM"", ""seller_score"": 4.76, ""estimated_cost_price"": 143.59}",INR,156,171,49
602,"{""fulfillment"": ""Standard Delivery"", ""inventory_bucket"": ""LOW"", ""seller_score"": 4.75, ""estimated_cost_price"": 144.7}",INR,181,171,42
603,"{""fulfillment"": ""Fast Delivery"", ""inventory_bucket"": ""HIGH"", ""seller_score"": 3.81, ""estimated_cost_price"": 1035.17}",INR,1225,172,23
604,"{""fulfillment"": ""Next Day"", ""inventory_bucket"": ""HIGH"", ""seller_score"": 4.06, ""estimated_cost_price"": 1084.93}",INR,1217,172,20
605,"{""fulfillment"": ""Fast Delivery"", ""inventory_bucket"": ""LOW"", ""seller_score"": 4.02, ""estimated_cost_price"": 1233.02}",INR,1452,172,19
606,"{""fulfillment"": ""Standard Delivery"", ""inventory_bucket"": ""MEDIUM"", ""seller_score"": 4.3, ""estimated_cost_price"": 222.65}",INR,276,173,34
607,"{""fulfillment"": ""Seller Fulfilled"", ""inventory_bucket"": ""LOW"", ""seller_score"": 4.85, ""estimated_cost_price"": 196.89}",INR,226,173,38
608,"{""fulfillment"": ""Next Day"", ""inventory_bucket"": ""MEDIUM"", ""seller_score"": 4.66, ""estimated_cost_price"": 185.08}",INR,216,173,13
609,"{""fulfillment"": ""Seller Fulfilled"", ""inventory_bucket"": ""LOW"", ""seller_score"": 4.88, ""estimated_cost_price"": 210.82}",INR,231,173,53
610,"{""fulfillment"": ""Next Day"", ""inventory_bucket"": ""LOW"", ""seller_score"": 4.59, ""estimated_cost_price"": 676.43}",INR,764,174,28
611,"{""fulfillment"": ""Next Day"", ""inventory_bucket"": ""LOW"", ""seller_score"": 4.23, ""estimated_cost_price"": 1005.51}",INR,1285,174,9
612,"{""fulfillment"": ""Next Day"", ""inventory_bucket"": ""MEDIUM"", ""seller_score"": 4.77, ""estimated_cost_price"": 615.82}",INR,668,175,44
613,"{""fulfillment"": ""Next Day"", ""inventory_bucket"": ""HIGH"", ""seller_score"": 4.67, ""estimated_cost_price"": 657.26}",INR,731,175,34
614,"{""fulfillment"": ""Next Day"", ""inventory_bucket"": ""MEDIUM"", ""seller_score"": 4.84, ""estimated_cost_price"": 750.36}",INR,870,175,26
615,"{""fulfillment"": ""Next Day"", ""inventory_bucket"": ""HIGH"", ""seller_score"": 4.67, ""estimated_cost_price"": 704.91}",INR,878,175,38
616,"{""fulfillment"": ""Next Day"", ""inventory_bucket"": ""HIGH"", ""seller_score"": 4.43, ""estimated_cost_price"": 1760.32}",INR,2090,176,53
617,"{""fulfillment"": ""Next Day"", ""inventory_bucket"": ""LOW"", ""seller_score"": 4.53, ""estimated_cost_price"": 1357.18}",INR,1719,176,11
618,"{""fulfillment"": ""Seller Fulfilled"", ""inventory_bucket"": ""HIGH"", ""seller_score"": 4.64, ""estimated_cost_price"": 1355.29}",INR,1600,176,10
619,"{""fulfillment"": ""Fast Delivery"", ""inventory_bucket"": ""MEDIUM"", ""seller_score"": 4.37, ""estimated_cost_price"": 1424.91}",INR,1813,176,33
620,"{""fulfillment"": ""Next Day"", ""inventory_bucket"": ""LOW"", ""seller_score"": 4.63, ""estimated_cost_price"": 1669.13}",INR,1955,176,9
621,"{""fulfillment"": ""Next Day"", ""inventory_bucket"": ""LOW"", ""seller_score"": 3.9, ""estimated_cost_price"": 706.84}",INR,777,177,36
622,"{""fulfillment"": ""Seller Fulfilled"", ""inventory_bucket"": ""MEDIUM"", ""seller_score"": 4.06, ""estimated_cost_price"": 653.56}",INR,809,177,24
623,"{""fulfillment"": ""Standard Delivery"", ""inventory_bucket"": ""LOW"", ""seller_score"": 4.27, ""estimated_cost_price"": 709.92}",INR,785,177,8
624,"{""fulfillment"": ""Standard Delivery"", ""inventory_bucket"": ""MEDIUM"", ""seller_score"": 4.85, ""estimated_cost_price"": 581.82}",INR,688,178,8
625,"{""fulfillment"": ""Standard Delivery"", ""inventory_bucket"": ""MEDIUM"", ""seller_score"": 4.24, ""estimated_cost_price"": 519.23}",INR,647,178,24
626,"{""fulfillment"": ""Seller Fulfilled"", ""inventory_bucket"": ""LOW"", ""seller_score"": 4.06, ""estimated_cost_price"": 518.49}",INR,571,178,20
627,"{""fulfillment"": ""Seller Fulfilled"", ""inventory_bucket"": ""MEDIUM"", ""seller_score"": 4.41, ""estimated_cost_price"": 811.92}",INR,965,179,51
628,"{""fulfillment"": ""Standard Delivery"", ""inventory_bucket"": ""LOW"", ""seller_score"": 4.03, ""estimated_cost_price"": 887.59}",INR,1093,179,38
629,"{""fulfillment"": ""Fast Delivery"", ""inventory_bucket"": ""HIGH"", ""seller_score"": 3.86, ""estimated_cost_price"": 1003.93}",INR,1233,179,27
630,"{""fulfillment"": ""Seller Fulfilled"", ""inventory_bucket"": ""MEDIUM"", ""seller_score"": 4.0, ""estimated_cost_price"": 2480.69}",INR,2742,180,1
631,"{""fulfillment"": ""Next Day"", ""inventory_bucket"": ""HIGH"", ""seller_score"": 4.1, ""estimated_cost_price"": 2378.95}",INR,2828,180,8
632,"{""fulfillment"": ""Standard Delivery"", ""inventory_bucket"": ""HIGH"", ""seller_score"": 4.9, ""estimated_cost_price"": 2883.88}",INR,3117,180,36
633,"{""fulfillment"": ""Next Day"", ""inventory_bucket"": ""MEDIUM"", ""seller_score"": 4.39, ""estimated_cost_price"": 2995.75}",INR,3689,180,23
634,"{""fulfillment"": ""Next Day"", ""inventory_bucket"": ""MEDIUM"", ""seller_score"": 4.2, ""estimated_cost_price"": 2323.02}",INR,2726,180,5
635,"{""fulfillment"": ""Next Day"", ""inventory_bucket"": ""MEDIUM"", ""seller_score"": 4.44, ""estimated_cost_price"": 980.23}",INR,1244,181,49
636,"{""fulfillment"": ""Next Day"", ""inventory_bucket"": ""LOW"", ""seller_score"": 4.72, ""estimated_cost_price"": 884.71}",INR,980,181,9
637,"{""fulfillment"": ""Standard Delivery"", ""inventory_bucket"": ""LOW"", ""seller_score"": 3.86, ""estimated_cost_price"": 928.95}",INR,1187,181,33
638,"{""fulfillment"": ""Seller Fulfilled"", ""inventory_bucket"": ""HIGH"", ""seller_score"": 3.99, ""estimated_cost_price"": 3663.32}",INR,4368,182,25
639,"{""fulfillment"": ""Next Day"", ""inventory_bucket"": ""HIGH"", ""seller_score"": 4.67, ""estimated_cost_price"": 4025.67}",INR,4994,182,15
640,"{""fulfillment"": ""Standard Delivery"", ""inventory_bucket"": ""HIGH"", ""seller_score"": 3.97, ""estimated_cost_price"": 3776.12}",INR,4601,182,26
641,"{""fulfillment"": ""Seller Fulfilled"", ""inventory_bucket"": ""LOW"", ""seller_score"": 3.9, ""estimated_cost_price"": 4738.63}",INR,5734,182,22
642,"{""fulfillment"": ""Seller Fulfilled"", ""inventory_bucket"": ""HIGH"", ""seller_score"": 4.19, ""estimated_cost_price"": 3943.58}",INR,4575,182,35
643,"{""fulfillment"": ""Fast Delivery"", ""inventory_bucket"": ""HIGH"", ""seller_score"": 4.01, ""estimated_cost_price"": 482.04}",INR,589,183,36
644,"{""fulfillment"": ""Seller Fulfilled"", ""inventory_bucket"": ""HIGH"", ""seller_score"": 4.8, ""estimated_cost_price"": 611.04}",INR,731,183,42
645,"{""fulfillment"": ""Fast Delivery"", ""inventory_bucket"": ""MEDIUM"", ""seller_score"": 4.81, ""estimated_cost_price"": 584.4}",INR,736,183,8
646,"{""fulfillment"": ""Seller Fulfilled"", ""inventory_bucket"": ""LOW"", ""seller_score"": 3.89, ""estimated_cost_price"": 485.19}",INR,594,183,6
647,"{""fulfillment"": ""Fast Delivery"", ""inventory_bucket"": ""LOW"", ""seller_score"": 4.72, ""estimated_cost_price"": 8300.3}",INR,10066,184,2
648,"{""fulfillment"": ""Next Day"", ""inventory_bucket"": ""LOW"", ""seller_score"": 3.91, ""estimated_cost_price"": 7874.3}",INR,10050,184,18
649,"{""fulfillment"": ""Standard Delivery"", ""inventory_bucket"": ""MEDIUM"", ""seller_score"": 4.08, ""estimated_cost_price"": 8024.57}",INR,9714,184,51
650,"{""fulfillment"": ""Standard Delivery"", ""inventory_bucket"": ""MEDIUM"", ""seller_score"": 4.43, ""estimated_cost_price"": 2130.67}",INR,2390,185,32
651,"{""fulfillment"": ""Fast Delivery"", ""inventory_bucket"": ""MEDIUM"", ""seller_score"": 4.75, ""estimated_cost_price"": 3013.84}",INR,3448,185,2
652,"{""fulfillment"": ""Next Day"", ""inventory_bucket"": ""MEDIUM"", ""seller_score"": 4.66, ""estimated_cost_price"": 133.92}",INR,158,186,34
653,"{""fulfillment"": ""Seller Fulfilled"", ""inventory_bucket"": ""LOW"", ""seller_score"": 4.54, ""estimated_cost_price"": 112.41}",INR,133,186,21
654,"{""fulfillment"": ""Standard Delivery"", ""inventory_bucket"": ""LOW"", ""seller_score"": 4.36, ""estimated_cost_price"": 2498.19}",INR,3007,187,35
655,"{""fulfillment"": ""Fast Delivery"", ""inventory_bucket"": ""MEDIUM"", ""seller_score"": 3.84, ""estimated_cost_price"": 2568.41}",INR,2801,187,11
656,"{""fulfillment"": ""Next Day"", ""inventory_bucket"": ""HIGH"", ""seller_score"": 4.11, ""estimated_cost_price"": 792.15}",INR,929,188,10
657,"{""fulfillment"": ""Fast Delivery"", ""inventory_bucket"": ""LOW"", ""seller_score"": 4.46, ""estimated_cost_price"": 1056.35}",INR,1348,188,20
658,"{""fulfillment"": ""Standard Delivery"", ""inventory_bucket"": ""MEDIUM"", ""seller_score"": 4.3, ""estimated_cost_price"": 7563.65}",INR,8986,189,12
659,"{""fulfillment"": ""Seller Fulfilled"", ""inventory_bucket"": ""MEDIUM"", ""seller_score"": 4.19, ""estimated_cost_price"": 7913.63}",INR,9468,189,2
660,"{""fulfillment"": ""Fast Delivery"", ""inventory_bucket"": ""MEDIUM"", ""seller_score"": 3.84, ""estimated_cost_price"": 6752.26}",INR,7575,189,46
661,"{""fulfillment"": ""Standard Delivery"", ""inventory_bucket"": ""MEDIUM"", ""seller_score"": 4.31, ""estimated_cost_price"": 7610.61}",INR,8595,189,4
662,"{""fulfillment"": ""Fast Delivery"", ""inventory_bucket"": ""MEDIUM"", ""seller_score"": 4.56, ""estimated_cost_price"": 2370.32}",INR,2916,190,53
663,"{""fulfillment"": ""Next Day"", ""inventory_bucket"": ""LOW"", ""seller_score"": 4.02, ""estimated_cost_price"": 2661.89}",INR,3345,190,8
664,"{""fulfillment"": ""Standard Delivery"", ""inventory_bucket"": ""LOW"", ""seller_score"": 4.19, ""estimated_cost_price"": 2938.3}",INR,3201,190,4
665,"{""fulfillment"": ""Standard Delivery"", ""inventory_bucket"": ""MEDIUM"", ""seller_score"": 4.89, ""estimated_cost_price"": 2745.65}",INR,3243,190,13
666,"{""fulfillment"": ""Next Day"", ""inventory_bucket"": ""LOW"", ""seller_score"": 4.45, ""estimated_cost_price"": 2750.95}",INR,3119,190,16
667,"{""fulfillment"": ""Seller Fulfilled"", ""inventory_bucket"": ""LOW"", ""seller_score"": 3.94, ""estimated_cost_price"": 4683.92}",INR,5166,191,2
668,"{""fulfillment"": ""Fast Delivery"", ""inventory_bucket"": ""MEDIUM"", ""seller_score"": 4.33, ""estimated_cost_price"": 3803.58}",INR,4845,191,27
669,"{""fulfillment"": ""Next Day"", ""inventory_bucket"": ""MEDIUM"", ""seller_score"": 4.48, ""estimated_cost_price"": 4173.86}",INR,4667,191,41
670,"{""fulfillment"": ""Seller Fulfilled"", ""inventory_bucket"": ""HIGH"", ""seller_score"": 3.86, ""estimated_cost_price"": 3505.37}",INR,4355,191,15
671,"{""fulfillment"": ""Fast Delivery"", ""inventory_bucket"": ""LOW"", ""seller_score"": 4.59, ""estimated_cost_price"": 3543.95}",INR,4514,191,18
672,"{""fulfillment"": ""Next Day"", ""inventory_bucket"": ""HIGH"", ""seller_score"": 3.81, ""estimated_cost_price"": 332.31}",INR,400,192,35
673,"{""fulfillment"": ""Next Day"", ""inventory_bucket"": ""LOW"", ""seller_score"": 4.25, ""estimated_cost_price"": 346.85}",INR,395,192,11
674,"{""fulfillment"": ""Seller Fulfilled"", ""inventory_bucket"": ""MEDIUM"", ""seller_score"": 3.89, ""estimated_cost_price"": 288.19}",INR,323,192,51
675,"{""fulfillment"": ""Standard Delivery"", ""inventory_bucket"": ""HIGH"", ""seller_score"": 3.86, ""estimated_cost_price"": 370.7}",INR,451,192,16
676,"{""fulfillment"": ""Standard Delivery"", ""inventory_bucket"": ""HIGH"", ""seller_score"": 3.97, ""estimated_cost_price"": 6806.71}",INR,8686,193,1
677,"{""fulfillment"": ""Standard Delivery"", ""inventory_bucket"": ""HIGH"", ""seller_score"": 4.2, ""estimated_cost_price"": 6071.41}",INR,7571,193,4
678,"{""fulfillment"": ""Next Day"", ""inventory_bucket"": ""MEDIUM"", ""seller_score"": 4.78, ""estimated_cost_price"": 6884.26}",INR,8357,193,31
679,"{""fulfillment"": ""Standard Delivery"", ""inventory_bucket"": ""LOW"", ""seller_score"": 4.42, ""estimated_cost_price"": 690.59}",INR,758,194,38
680,"{""fulfillment"": ""Fast Delivery"", ""inventory_bucket"": ""HIGH"", ""seller_score"": 4.58, ""estimated_cost_price"": 779.29}",INR,960,194,54
681,"{""fulfillment"": ""Seller Fulfilled"", ""inventory_bucket"": ""MEDIUM"", ""seller_score"": 3.97, ""estimated_cost_price"": 705.96}",INR,844,194,33
682,"{""fulfillment"": ""Seller Fulfilled"", ""inventory_bucket"": ""LOW"", ""seller_score"": 4.77, ""estimated_cost_price"": 154.43}",INR,169,195,26
683,"{""fulfillment"": ""Standard Delivery"", ""inventory_bucket"": ""MEDIUM"", ""seller_score"": 4.61, ""estimated_cost_price"": 152.84}",INR,194,195,45
684,"{""fulfillment"": ""Standard Delivery"", ""inventory_bucket"": ""HIGH"", ""seller_score"": 4.13, ""estimated_cost_price"": 1999.57}",INR,2341,196,40
685,"{""fulfillment"": ""Standard Delivery"", ""inventory_bucket"": ""HIGH"", ""seller_score"": 4.39, ""estimated_cost_price"": 2100.65}",INR,2513,196,33
686,"{""fulfillment"": ""Standard Delivery"", ""inventory_bucket"": ""HIGH"", ""seller_score"": 4.14, ""estimated_cost_price"": 1802.69}",INR,2285,196,52
687,"{""fulfillment"": ""Fast Delivery"", ""inventory_bucket"": ""MEDIUM"", ""seller_score"": 4.35, ""estimated_cost_price"": 838.29}",INR,968,197,18
688,"{""fulfillment"": ""Standard Delivery"", ""inventory_bucket"": ""LOW"", ""seller_score"": 4.56, ""estimated_cost_price"": 815.26}",INR,1012,197,16
689,"{""fulfillment"": ""Fast Delivery"", ""inventory_bucket"": ""HIGH"", ""seller_score"": 4.8, ""estimated_cost_price"": 788.15}",INR,904,197,43
690,"{""fulfillment"": ""Seller Fulfilled"", ""inventory_bucket"": ""HIGH"", ""seller_score"": 4.25, ""estimated_cost_price"": 793.19}",INR,899,197,21
691,"{""fulfillment"": ""Next Day"", ""inventory_bucket"": ""LOW"", ""seller_score"": 4.06, ""estimated_cost_price"": 842.93}",INR,940,197,22
692,"{""fulfillment"": ""Next Day"", ""inventory_bucket"": ""HIGH"", ""seller_score"": 4.62, ""estimated_cost_price"": 1263.03}",INR,1452,198,44
693,"{""fulfillment"": ""Next Day"", ""inventory_bucket"": ""MEDIUM"", ""seller_score"": 4.07, ""estimated_cost_price"": 1208.47}",INR,1500,198,12
694,"{""fulfillment"": ""Seller Fulfilled"", ""inventory_bucket"": ""HIGH"", ""seller_score"": 4.06, ""estimated_cost_price"": 6935.04}",INR,8399,199,51
695,"{""fulfillment"": ""Seller Fulfilled"", ""inventory_bucket"": ""HIGH"", ""seller_score"": 4.67, ""estimated_cost_price"": 8186.88}",INR,8961,199,42
696,"{""fulfillment"": ""Standard Delivery"", ""inventory_bucket"": ""MEDIUM"", ""seller_score"": 4.12, ""estimated_cost_price"": 411.13}",INR,511,200,44
697,"{""fulfillment"": ""Fast Delivery"", ""inventory_bucket"": ""HIGH"", ""seller_score"": 4.53, ""estimated_cost_price"": 419.61}",INR,499,200,8
698,"{""fulfillment"": ""Seller Fulfilled"", ""inventory_bucket"": ""LOW"", ""seller_score"": 4.28, ""estimated_cost_price"": 339.35}",INR,373,200,23
699,"{""fulfillment"": ""Next Day"", ""inventory_bucket"": ""MEDIUM"", ""seller_score"": 4.17, ""estimated_cost_price"": 363.25}",INR,399,200,53
700,"{""fulfillment"": ""Fast Delivery"", ""inventory_bucket"": ""MEDIUM"", ""seller_score"": 4.42, ""estimated_cost_price"": 446.43}",INR,497,200,25
701,"{""fulfillment"": ""Seller Fulfilled"", ""inventory_bucket"": ""MEDIUM"", ""seller_score"": 4.32, ""estimated_cost_price"": 9200.2}",INR,11522,201,15
702,"{""fulfillment"": ""Standard Delivery"", ""inventory_bucket"": ""LOW"", ""seller_score"": 3.9, ""estimated_cost_price"": 9288.06}",INR,10596,201,48
703,"{""fulfillment"": ""Standard Delivery"", ""inventory_bucket"": ""HIGH"", ""seller_score"": 3.98, ""estimated_cost_price"": 9969.85}",INR,11086,202,53
704,"{""fulfillment"": ""Fast Delivery"", ""inventory_bucket"": ""LOW"", ""seller_score"": 4.76, ""estimated_cost_price"": 10616.28}",INR,11705,202,40
705,"{""fulfillment"": ""Fast Delivery"", ""inventory_bucket"": ""LOW"", ""seller_score"": 4.19, ""estimated_cost_price"": 614.53}",INR,670,203,24
706,"{""fulfillment"": ""Fast Delivery"", ""inventory_bucket"": ""HIGH"", ""seller_score"": 4.41, ""estimated_cost_price"": 766.5}",INR,958,203,3
707,"{""fulfillment"": ""Next Day"", ""inventory_bucket"": ""LOW"", ""seller_score"": 3.91, ""estimated_cost_price"": 624.73}",INR,714,203,18
708,"{""fulfillment"": ""Standard Delivery"", ""inventory_bucket"": ""HIGH"", ""seller_score"": 4.27, ""estimated_cost_price"": 591.19}",INR,726,203,32
709,"{""fulfillment"": ""Next Day"", ""inventory_bucket"": ""LOW"", ""seller_score"": 4.06, ""estimated_cost_price"": 533.66}",INR,590,203,46
710,"{""fulfillment"": ""Fast Delivery"", ""inventory_bucket"": ""LOW"", ""seller_score"": 4.69, ""estimated_cost_price"": 7407.58}",INR,8319,204,43
711,"{""fulfillment"": ""Fast Delivery"", ""inventory_bucket"": ""HIGH"", ""seller_score"": 4.79, ""estimated_cost_price"": 6381.39}",INR,8064,204,48
712,"{""fulfillment"": ""Seller Fulfilled"", ""inventory_bucket"": ""LOW"", ""seller_score"": 3.89, ""estimated_cost_price"": 6324.56}",INR,6984,204,37
713,"{""fulfillment"": ""Standard Delivery"", ""inventory_bucket"": ""LOW"", ""seller_score"": 4.8, ""estimated_cost_price"": 1155.94}",INR,1464,205,37
714,"{""fulfillment"": ""Seller Fulfilled"", ""inventory_bucket"": ""HIGH"", ""seller_score"": 4.8, ""estimated_cost_price"": 1081.23}",INR,1183,205,55
715,"{""fulfillment"": ""Standard Delivery"", ""inventory_bucket"": ""HIGH"", ""seller_score"": 4.35, ""estimated_cost_price"": 1108.37}",INR,1409,205,15
716,"{""fulfillment"": ""Next Day"", ""inventory_bucket"": ""LOW"", ""seller_score"": 4.09, ""estimated_cost_price"": 1118.03}",INR,1379,205,34
717,"{""fulfillment"": ""Next Day"", ""inventory_bucket"": ""MEDIUM"", ""seller_score"": 3.96, ""estimated_cost_price"": 310.43}",INR,358,206,42
718,"{""fulfillment"": ""Standard Delivery"", ""inventory_bucket"": ""LOW"", ""seller_score"": 3.8, ""estimated_cost_price"": 277.99}",INR,345,206,44
719,"{""fulfillment"": ""Next Day"", ""inventory_bucket"": ""MEDIUM"", ""seller_score"": 4.05, ""estimated_cost_price"": 257.94}",INR,281,206,4
720,"{""fulfillment"": ""Standard Delivery"", ""inventory_bucket"": ""HIGH"", ""seller_score"": 3.99, ""estimated_cost_price"": 312.44}",INR,356,206,55
721,"{""fulfillment"": ""Seller Fulfilled"", ""inventory_bucket"": ""HIGH"", ""seller_score"": 4.48, ""estimated_cost_price"": 309.92}",INR,370,206,21
722,"{""fulfillment"": ""Next Day"", ""inventory_bucket"": ""MEDIUM"", ""seller_score"": 3.94, ""estimated_cost_price"": 1569.61}",INR,1829,207,4
723,"{""fulfillment"": ""Seller Fulfilled"", ""inventory_bucket"": ""MEDIUM"", ""seller_score"": 4.54, ""estimated_cost_price"": 2169.69}",INR,2720,207,18
724,"{""fulfillment"": ""Fast Delivery"", ""inventory_bucket"": ""MEDIUM"", ""seller_score"": 4.32, ""estimated_cost_price"": 1508.31}",INR,1856,207,27
725,"{""fulfillment"": ""Seller Fulfilled"", ""inventory_bucket"": ""HIGH"", ""seller_score"": 4.38, ""estimated_cost_price"": 584.81}",INR,743,208,37
726,"{""fulfillment"": ""Fast Delivery"", ""inventory_bucket"": ""HIGH"", ""seller_score"": 4.32, ""estimated_cost_price"": 618.4}",INR,750,208,52
727,"{""fulfillment"": ""Standard Delivery"", ""inventory_bucket"": ""LOW"", ""seller_score"": 4.65, ""estimated_cost_price"": 856.75}",INR,1067,209,5
728,"{""fulfillment"": ""Seller Fulfilled"", ""inventory_bucket"": ""LOW"", ""seller_score"": 4.32, ""estimated_cost_price"": 1092.8}",INR,1274,209,16
729,"{""fulfillment"": ""Next Day"", ""inventory_bucket"": ""MEDIUM"", ""seller_score"": 4.53, ""estimated_cost_price"": 1296.3}",INR,1550,209,13
730,"{""fulfillment"": ""Seller Fulfilled"", ""inventory_bucket"": ""HIGH"", ""seller_score"": 4.21, ""estimated_cost_price"": 1134.91}",INR,1305,209,11
731,"{""fulfillment"": ""Standard Delivery"", ""inventory_bucket"": ""MEDIUM"", ""seller_score"": 4.35, ""estimated_cost_price"": 946.3}",INR,1058,209,22
732,"{""fulfillment"": ""Standard Delivery"", ""inventory_bucket"": ""LOW"", ""seller_score"": 4.67, ""estimated_cost_price"": 242.74}",INR,309,210,7
733,"{""fulfillment"": ""Standard Delivery"", ""inventory_bucket"": ""HIGH"", ""seller_score"": 4.44, ""estimated_cost_price"": 324.85}",INR,369,210,31
734,"{""fulfillment"": ""Fast Delivery"", ""inventory_bucket"": ""LOW"", ""seller_score"": 4.23, ""estimated_cost_price"": 230.79}",INR,285,210,16
735,"{""fulfillment"": ""Seller Fulfilled"", ""inventory_bucket"": ""LOW"", ""seller_score"": 4.77, ""estimated_cost_price"": 741.59}",INR,873,211,49
736,"{""fulfillment"": ""Seller Fulfilled"", ""inventory_bucket"": ""LOW"", ""seller_score"": 4.8, ""estimated_cost_price"": 1002.89}",INR,1264,211,7
737,"{""fulfillment"": ""Next Day"", ""inventory_bucket"": ""MEDIUM"", ""seller_score"": 3.97, ""estimated_cost_price"": 935.52}",INR,1103,211,41
738,"{""fulfillment"": ""Seller Fulfilled"", ""inventory_bucket"": ""LOW"", ""seller_score"": 4.5, ""estimated_cost_price"": 903.03}",INR,1079,211,29
739,"{""fulfillment"": ""Seller Fulfilled"", ""inventory_bucket"": ""MEDIUM"", ""seller_score"": 4.52, ""estimated_cost_price"": 896.52}",INR,972,211,38
740,"{""fulfillment"": ""Next Day"", ""inventory_bucket"": ""LOW"", ""seller_score"": 4.45, ""estimated_cost_price"": 5549.67}",INR,6390,212,20
741,"{""fulfillment"": ""Seller Fulfilled"", ""inventory_bucket"": ""HIGH"", ""seller_score"": 4.09, ""estimated_cost_price"": 5790.82}",INR,6965,212,40
742,"{""fulfillment"": ""Standard Delivery"", ""inventory_bucket"": ""MEDIUM"", ""seller_score"": 4.01, ""estimated_cost_price"": 3729.14}",INR,4332,213,36
743,"{""fulfillment"": ""Next Day"", ""inventory_bucket"": ""LOW"", ""seller_score"": 4.39, ""estimated_cost_price"": 4107.03}",INR,4536,213,4
744,"{""fulfillment"": ""Seller Fulfilled"", ""inventory_bucket"": ""MEDIUM"", ""seller_score"": 4.31, ""estimated_cost_price"": 1667.9}",INR,1896,214,15
745,"{""fulfillment"": ""Next Day"", ""inventory_bucket"": ""MEDIUM"", ""seller_score"": 4.84, ""estimated_cost_price"": 1671.35}",INR,1847,214,39
746,"{""fulfillment"": ""Next Day"", ""inventory_bucket"": ""HIGH"", ""seller_score"": 4.48, ""estimated_cost_price"": 1499.31}",INR,1752,214,51
747,"{""fulfillment"": ""Seller Fulfilled"", ""inventory_bucket"": ""MEDIUM"", ""seller_score"": 4.15, ""estimated_cost_price"": 2040.79}",INR,2393,214,43
748,"{""fulfillment"": ""Seller Fulfilled"", ""inventory_bucket"": ""MEDIUM"", ""seller_score"": 4.3, ""estimated_cost_price"": 1612.74}",INR,2019,214,40
749,"{""fulfillment"": ""Seller Fulfilled"", ""inventory_bucket"": ""HIGH"", ""seller_score"": 4.89, ""estimated_cost_price"": 238.78}",INR,281,215,38
750,"{""fulfillment"": ""Fast Delivery"", ""inventory_bucket"": ""HIGH"", ""seller_score"": 4.81, ""estimated_cost_price"": 324.32}",INR,365,215,13
751,"{""fulfillment"": ""Fast Delivery"", ""inventory_bucket"": ""HIGH"", ""seller_score"": 4.69, ""estimated_cost_price"": 290.55}",INR,324,215,7
752,"{""fulfillment"": ""Standard Delivery"", ""inventory_bucket"": ""MEDIUM"", ""seller_score"": 3.92, ""estimated_cost_price"": 243.69}",INR,288,215,1
753,"{""fulfillment"": ""Fast Delivery"", ""inventory_bucket"": ""LOW"", ""seller_score"": 4.09, ""estimated_cost_price"": 235.97}",INR,263,216,31
754,"{""fulfillment"": ""Seller Fulfilled"", ""inventory_bucket"": ""LOW"", ""seller_score"": 4.07, ""estimated_cost_price"": 255.66}",INR,324,216,47
755,"{""fulfillment"": ""Fast Delivery"", ""inventory_bucket"": ""MEDIUM"", ""seller_score"": 3.81, ""estimated_cost_price"": 305.94}",INR,356,216,40
756,"{""fulfillment"": ""Next Day"", ""inventory_bucket"": ""HIGH"", ""seller_score"": 4.28, ""estimated_cost_price"": 227.54}",INR,276,216,29
757,"{""fulfillment"": ""Standard Delivery"", ""inventory_bucket"": ""MEDIUM"", ""seller_score"": 3.98, ""estimated_cost_price"": 251.47}",INR,315,216,12
758,"{""fulfillment"": ""Standard Delivery"", ""inventory_bucket"": ""MEDIUM"", ""seller_score"": 3.85, ""estimated_cost_price"": 388.01}",INR,423,217,10
759,"{""fulfillment"": ""Standard Delivery"", ""inventory_bucket"": ""LOW"", ""seller_score"": 4.01, ""estimated_cost_price"": 371.55}",INR,407,217,31
760,"{""fulfillment"": ""Fast Delivery"", ""inventory_bucket"": ""LOW"", ""seller_score"": 4.76, ""estimated_cost_price"": 400.19}",INR,467,217,20
761,"{""fulfillment"": ""Seller Fulfilled"", ""inventory_bucket"": ""MEDIUM"", ""seller_score"": 4.03, ""estimated_cost_price"": 7677.62}",INR,9248,218,33
762,"{""fulfillment"": ""Standard Delivery"", ""inventory_bucket"": ""LOW"", ""seller_score"": 4.34, ""estimated_cost_price"": 8010.26}",INR,8821,218,53
763,"{""fulfillment"": ""Fast Delivery"", ""inventory_bucket"": ""HIGH"", ""seller_score"": 4.1, ""estimated_cost_price"": 7446.55}",INR,8683,218,54
764,"{""fulfillment"": ""Fast Delivery"", ""inventory_bucket"": ""HIGH"", ""seller_score"": 4.38, ""estimated_cost_price"": 3904.01}",INR,4971,219,51
765,"{""fulfillment"": ""Next Day"", ""inventory_bucket"": ""HIGH"", ""seller_score"": 4.07, ""estimated_cost_price"": 4373.6}",INR,5554,219,5
766,"{""fulfillment"": ""Next Day"", ""inventory_bucket"": ""HIGH"", ""seller_score"": 4.43, ""estimated_cost_price"": 4548.28}",INR,5084,219,22
767,"{""fulfillment"": ""Standard Delivery"", ""inventory_bucket"": ""MEDIUM"", ""seller_score"": 4.52, ""estimated_cost_price"": 3470.7}",INR,3935,220,55
768,"{""fulfillment"": ""Standard Delivery"", ""inventory_bucket"": ""LOW"", ""seller_score"": 4.32, ""estimated_cost_price"": 3552.48}",INR,4160,220,38
769,"{""fulfillment"": ""Seller Fulfilled"", ""inventory_bucket"": ""MEDIUM"", ""seller_score"": 4.88, ""estimated_cost_price"": 3549.1}",INR,4373,220,37
770,"{""fulfillment"": ""Seller Fulfilled"", ""inventory_bucket"": ""MEDIUM"", ""seller_score"": 4.21, ""estimated_cost_price"": 2811.37}",INR,3306,220,22
771,"{""fulfillment"": ""Fast Delivery"", ""inventory_bucket"": ""MEDIUM"", ""seller_score"": 3.93, ""estimated_cost_price"": 902.89}",INR,1084,221,1
772,"{""fulfillment"": ""Fast Delivery"", ""inventory_bucket"": ""LOW"", ""seller_score"": 4.42, ""estimated_cost_price"": 1006.87}",INR,1286,221,41
773,"{""fulfillment"": ""Next Day"", ""inventory_bucket"": ""HIGH"", ""seller_score"": 4.69, ""estimated_cost_price"": 856.99}",INR,930,221,15
774,"{""fulfillment"": ""Next Day"", ""inventory_bucket"": ""LOW"", ""seller_score"": 4.56, ""estimated_cost_price"": 930.07}",INR,1017,222,52
775,"{""fulfillment"": ""Seller Fulfilled"", ""inventory_bucket"": ""MEDIUM"", ""seller_score"": 4.27, ""estimated_cost_price"": 960.45}",INR,1152,222,48
776,"{""fulfillment"": ""Seller Fulfilled"", ""inventory_bucket"": ""LOW"", ""seller_score"": 4.59, ""estimated_cost_price"": 1110.63}",INR,1219,222,25
777,"{""fulfillment"": ""Standard Delivery"", ""inventory_bucket"": ""LOW"", ""seller_score"": 4.53, ""estimated_cost_price"": 1071.76}",INR,1224,222,14
778,"{""fulfillment"": ""Next Day"", ""inventory_bucket"": ""LOW"", ""seller_score"": 4.05, ""estimated_cost_price"": 8787.9}",INR,9861,223,10
779,"{""fulfillment"": ""Standard Delivery"", ""inventory_bucket"": ""LOW"", ""seller_score"": 4.41, ""estimated_cost_price"": 8114.65}",INR,9913,223,19
780,"{""fulfillment"": ""Fast Delivery"", ""inventory_bucket"": ""LOW"", ""seller_score"": 4.9, ""estimated_cost_price"": 240.0}",INR,301,224,13
781,"{""fulfillment"": ""Standard Delivery"", ""inventory_bucket"": ""HIGH"", ""seller_score"": 4.21, ""estimated_cost_price"": 249.67}",INR,288,224,19
782,"{""fulfillment"": ""Fast Delivery"", ""inventory_bucket"": ""LOW"", ""seller_score"": 4.36, ""estimated_cost_price"": 495.69}",INR,622,225,22
783,"{""fulfillment"": ""Fast Delivery"", ""inventory_bucket"": ""LOW"", ""seller_score"": 4.28, ""estimated_cost_price"": 434.73}",INR,482,225,55
784,"{""fulfillment"": ""Fast Delivery"", ""inventory_bucket"": ""MEDIUM"", ""seller_score"": 4.24, ""estimated_cost_price"": 459.78}",INR,507,225,36
785,"{""fulfillment"": ""Fast Delivery"", ""inventory_bucket"": ""MEDIUM"", ""seller_score"": 4.4, ""estimated_cost_price"": 385.09}",INR,467,226,2
786,"{""fulfillment"": ""Seller Fulfilled"", ""inventory_bucket"": ""MEDIUM"", ""seller_score"": 4.82, ""estimated_cost_price"": 331.71}",INR,398,226,54
787,"{""fulfillment"": ""Standard Delivery"", ""inventory_bucket"": ""MEDIUM"", ""seller_score"": 4.67, ""estimated_cost_price"": 625.92}",INR,706,227,20
788,"{""fulfillment"": ""Fast Delivery"", ""inventory_bucket"": ""HIGH"", ""seller_score"": 4.4, ""estimated_cost_price"": 799.58}",INR,957,227,30
789,"{""fulfillment"": ""Next Day"", ""inventory_bucket"": ""HIGH"", ""seller_score"": 4.67, ""estimated_cost_price"": 628.41}",INR,767,227,16
790,"{""fulfillment"": ""Fast Delivery"", ""inventory_bucket"": ""LOW"", ""seller_score"": 3.85, ""estimated_cost_price"": 2048.27}",INR,2280,228,8
791,"{""fulfillment"": ""Fast Delivery"", ""inventory_bucket"": ""HIGH"", ""seller_score"": 4.49, ""estimated_cost_price"": 2481.68}",INR,2911,228,10
792,"{""fulfillment"": ""Fast Delivery"", ""inventory_bucket"": ""LOW"", ""seller_score"": 4.59, ""estimated_cost_price"": 1245.48}",INR,1373,229,45
793,"{""fulfillment"": ""Fast Delivery"", ""inventory_bucket"": ""HIGH"", ""seller_score"": 3.96, ""estimated_cost_price"": 1556.51}",INR,1850,229,24
794,"{""fulfillment"": ""Standard Delivery"", ""inventory_bucket"": ""LOW"", ""seller_score"": 4.23, ""estimated_cost_price"": 1166.0}",INR,1416,229,21
795,"{""fulfillment"": ""Standard Delivery"", ""inventory_bucket"": ""LOW"", ""seller_score"": 4.01, ""estimated_cost_price"": 1215.3}",INR,1331,229,39
796,"{""fulfillment"": ""Seller Fulfilled"", ""inventory_bucket"": ""HIGH"", ""seller_score"": 4.11, ""estimated_cost_price"": 1481.92}",INR,1896,229,28
797,"{""fulfillment"": ""Next Day"", ""inventory_bucket"": ""LOW"", ""seller_score"": 4.17, ""estimated_cost_price"": 310.7}",INR,374,230,9
798,"{""fulfillment"": ""Seller Fulfilled"", ""inventory_bucket"": ""MEDIUM"", ""seller_score"": 4.62, ""estimated_cost_price"": 264.7}",INR,303,230,55
799,"{""fulfillment"": ""Seller Fulfilled"", ""inventory_bucket"": ""LOW"", ""seller_score"": 4.78, ""estimated_cost_price"": 312.91}",INR,379,230,33
800,"{""fulfillment"": ""Next Day"", ""inventory_bucket"": ""HIGH"", ""seller_score"": 3.85, ""estimated_cost_price"": 273.39}",INR,332,230,38
801,"{""fulfillment"": ""Standard Delivery"", ""inventory_bucket"": ""HIGH"", ""seller_score"": 3.98, ""estimated_cost_price"": 4241.1}",INR,4803,231,32
802,"{""fulfillment"": ""Standard Delivery"", ""inventory_bucket"": ""HIGH"", ""seller_score"": 4.69, ""estimated_cost_price"": 4099.62}",INR,4488,231,34
803,"{""fulfillment"": ""Next Day"", ""inventory_bucket"": ""HIGH"", ""seller_score"": 4.66, ""estimated_cost_price"": 4410.24}",INR,5311,231,30
804,"{""fulfillment"": ""Next Day"", ""inventory_bucket"": ""MEDIUM"", ""seller_score"": 4.42, ""estimated_cost_price"": 3895.27}",INR,4807,231,12
805,"{""fulfillment"": ""Seller Fulfilled"", ""inventory_bucket"": ""LOW"", ""seller_score"": 4.83, ""estimated_cost_price"": 11106.23}",INR,12113,232,38
806,"{""fulfillment"": ""Fast Delivery"", ""inventory_bucket"": ""LOW"", ""seller_score"": 4.72, ""estimated_cost_price"": 10360.67}",INR,11824,232,26
807,"{""fulfillment"": ""Next Day"", ""inventory_bucket"": ""LOW"", ""seller_score"": 4.18, ""estimated_cost_price"": 9394.24}",INR,11441,232,41
808,"{""fulfillment"": ""Next Day"", ""inventory_bucket"": ""LOW"", ""seller_score"": 4.64, ""estimated_cost_price"": 9827.06}",INR,11702,232,51
809,"{""fulfillment"": ""Standard Delivery"", ""inventory_bucket"": ""MEDIUM"", ""seller_score"": 4.05, ""estimated_cost_price"": 918.51}",INR,1167,233,28
810,"{""fulfillment"": ""Seller Fulfilled"", ""inventory_bucket"": ""LOW"", ""seller_score"": 3.95, ""estimated_cost_price"": 1432.9}",INR,1806,233,25
811,"{""fulfillment"": ""Seller Fulfilled"", ""inventory_bucket"": ""MEDIUM"", ""seller_score"": 3.9, ""estimated_cost_price"": 1404.89}",INR,1745,233,37
812,"{""fulfillment"": ""Next Day"", ""inventory_bucket"": ""HIGH"", ""seller_score"": 4.13, ""estimated_cost_price"": 1013.18}",INR,1243,233,11
813,"{""fulfillment"": ""Standard Delivery"", ""inventory_bucket"": ""MEDIUM"", ""seller_score"": 3.94, ""estimated_cost_price"": 533.43}",INR,650,234,15
814,"{""fulfillment"": ""Next Day"", ""inventory_bucket"": ""MEDIUM"", ""seller_score"": 3.9, ""estimated_cost_price"": 543.9}",INR,654,234,38
815,"{""fulfillment"": ""Next Day"", ""inventory_bucket"": ""MEDIUM"", ""seller_score"": 4.35, ""estimated_cost_price"": 518.25}",INR,634,234,3
816,"{""fulfillment"": ""Standard Delivery"", ""inventory_bucket"": ""MEDIUM"", ""seller_score"": 4.37, ""estimated_cost_price"": 710.43}",INR,895,234,30
817,"{""fulfillment"": ""Next Day"", ""inventory_bucket"": ""LOW"", ""seller_score"": 3.83, ""estimated_cost_price"": 627.58}",INR,794,235,18
818,"{""fulfillment"": ""Standard Delivery"", ""inventory_bucket"": ""HIGH"", ""seller_score"": 3.98, ""estimated_cost_price"": 643.94}",INR,816,235,25
819,"{""fulfillment"": ""Seller Fulfilled"", ""inventory_bucket"": ""MEDIUM"", ""seller_score"": 4.59, ""estimated_cost_price"": 598.75}",INR,659,235,2
820,"{""fulfillment"": ""Seller Fulfilled"", ""inventory_bucket"": ""MEDIUM"", ""seller_score"": 4.37, ""estimated_cost_price"": 679.43}",INR,765,235,12
821,"{""fulfillment"": ""Fast Delivery"", ""inventory_bucket"": ""LOW"", ""seller_score"": 4.3, ""estimated_cost_price"": 4823.02}",INR,5911,236,51
822,"{""fulfillment"": ""Seller Fulfilled"", ""inventory_bucket"": ""LOW"", ""seller_score"": 4.76, ""estimated_cost_price"": 4827.82}",INR,5413,236,18
823,"{""fulfillment"": ""Fast Delivery"", ""inventory_bucket"": ""HIGH"", ""seller_score"": 3.87, ""estimated_cost_price"": 394.52}",INR,461,237,3
824,"{""fulfillment"": ""Standard Delivery"", ""inventory_bucket"": ""MEDIUM"", ""seller_score"": 4.57, ""estimated_cost_price"": 403.65}",INR,460,237,35
825,"{""fulfillment"": ""Standard Delivery"", ""inventory_bucket"": ""HIGH"", ""seller_score"": 3.86, ""estimated_cost_price"": 396.78}",INR,444,237,13
826,"{""fulfillment"": ""Standard Delivery"", ""inventory_bucket"": ""LOW"", ""seller_score"": 3.81, ""estimated_cost_price"": 443.07}",INR,510,237,22
827,"{""fulfillment"": ""Standard Delivery"", ""inventory_bucket"": ""LOW"", ""seller_score"": 4.51, ""estimated_cost_price"": 370.93}",INR,429,238,55
828,"{""fulfillment"": ""Standard Delivery"", ""inventory_bucket"": ""MEDIUM"", ""seller_score"": 4.23, ""estimated_cost_price"": 302.21}",INR,339,238,49
829,"{""fulfillment"": ""Standard Delivery"", ""inventory_bucket"": ""MEDIUM"", ""seller_score"": 4.58, ""estimated_cost_price"": 258.56}",INR,323,238,46
830,"{""fulfillment"": ""Next Day"", ""inventory_bucket"": ""HIGH"", ""seller_score"": 4.89, ""estimated_cost_price"": 10683.76}",INR,11633,239,53
831,"{""fulfillment"": ""Fast Delivery"", ""inventory_bucket"": ""MEDIUM"", ""seller_score"": 3.8, ""estimated_cost_price"": 9893.03}",INR,10782,239,38
832,"{""fulfillment"": ""Fast Delivery"", ""inventory_bucket"": ""LOW"", ""seller_score"": 3.89, ""estimated_cost_price"": 10144.34}",INR,11318,239,49
833,"{""fulfillment"": ""Fast Delivery"", ""inventory_bucket"": ""MEDIUM"", ""seller_score"": 4.46, ""estimated_cost_price"": 11671.76}",INR,14401,239,42
834,"{""fulfillment"": ""Fast Delivery"", ""inventory_bucket"": ""HIGH"", ""seller_score"": 4.51, ""estimated_cost_price"": 10347.24}",INR,11927,239,1
835,"{""fulfillment"": ""Seller Fulfilled"", ""inventory_bucket"": ""MEDIUM"", ""seller_score"": 4.85, ""estimated_cost_price"": 280.72}",INR,319,240,47
836,"{""fulfillment"": ""Fast Delivery"", ""inventory_bucket"": ""MEDIUM"", ""seller_score"": 3.84, ""estimated_cost_price"": 409.53}",INR,455,240,53
837,"{""fulfillment"": ""Next Day"", ""inventory_bucket"": ""LOW"", ""seller_score"": 4.26, ""estimated_cost_price"": 336.76}",INR,366,240,30
838,"{""fulfillment"": ""Next Day"", ""inventory_bucket"": ""MEDIUM"", ""seller_score"": 4.63, ""estimated_cost_price"": 284.27}",INR,359,240,22
839,"{""fulfillment"": ""Seller Fulfilled"", ""inventory_bucket"": ""MEDIUM"", ""seller_score"": 4.66, ""estimated_cost_price"": 292.72}",INR,362,240,51
840,"{""fulfillment"": ""Seller Fulfilled"", ""inventory_bucket"": ""MEDIUM"", ""seller_score"": 4.1, ""estimated_cost_price"": 597.3}",INR,659,241,37
841,"{""fulfillment"": ""Standard Delivery"", ""inventory_bucket"": ""MEDIUM"", ""seller_score"": 4.43, ""estimated_cost_price"": 444.76}",INR,562,241,9
842,"{""fulfillment"": ""Fast Delivery"", ""inventory_bucket"": ""MEDIUM"", ""seller_score"": 4.04, ""estimated_cost_price"": 608.04}",INR,734,241,20
843,"{""fulfillment"": ""Standard Delivery"", ""inventory_bucket"": ""MEDIUM"", ""seller_score"": 4.68, ""estimated_cost_price"": 926.8}",INR,1157,242,44
844,"{""fulfillment"": ""Seller Fulfilled"", ""inventory_bucket"": ""HIGH"", ""seller_score"": 4.51, ""estimated_cost_price"": 1018.05}",INR,1171,242,49
845,"{""fulfillment"": ""Seller Fulfilled"", ""inventory_bucket"": ""LOW"", ""seller_score"": 4.88, ""estimated_cost_price"": 699.77}",INR,892,242,26
846,"{""fulfillment"": ""Fast Delivery"", ""inventory_bucket"": ""MEDIUM"", ""seller_score"": 3.95, ""estimated_cost_price"": 853.83}",INR,1071,242,50
847,"{""fulfillment"": ""Next Day"", ""inventory_bucket"": ""MEDIUM"", ""seller_score"": 4.33, ""estimated_cost_price"": 959.82}",INR,1082,242,45
848,"{""fulfillment"": ""Next Day"", ""inventory_bucket"": ""LOW"", ""seller_score"": 4.17, ""estimated_cost_price"": 468.09}",INR,551,243,26
849,"{""fulfillment"": ""Next Day"", ""inventory_bucket"": ""LOW"", ""seller_score"": 4.47, ""estimated_cost_price"": 525.61}",INR,594,243,5
850,"{""fulfillment"": ""Standard Delivery"", ""inventory_bucket"": ""HIGH"", ""seller_score"": 4.53, ""estimated_cost_price"": 465.24}",INR,566,243,35
851,"{""fulfillment"": ""Fast Delivery"", ""inventory_bucket"": ""LOW"", ""seller_score"": 4.39, ""estimated_cost_price"": 7018.72}",INR,8950,244,41
852,"{""fulfillment"": ""Next Day"", ""inventory_bucket"": ""LOW"", ""seller_score"": 3.85, ""estimated_cost_price"": 6959.04}",INR,8057,244,20
853,"{""fulfillment"": ""Fast Delivery"", ""inventory_bucket"": ""LOW"", ""seller_score"": 4.87, ""estimated_cost_price"": 6821.78}",INR,7784,244,6
854,"{""fulfillment"": ""Seller Fulfilled"", ""inventory_bucket"": ""MEDIUM"", ""seller_score"": 4.49, ""estimated_cost_price"": 6640.16}",INR,7556,244,11
855,"{""fulfillment"": ""Standard Delivery"", ""inventory_bucket"": ""LOW"", ""seller_score"": 4.66, ""estimated_cost_price"": 5921.33}",INR,6672,244,7
856,"{""fulfillment"": ""Seller Fulfilled"", ""inventory_bucket"": ""MEDIUM"", ""seller_score"": 4.12, ""estimated_cost_price"": 4574.56}",INR,5434,245,19
857,"{""fulfillment"": ""Seller Fulfilled"", ""inventory_bucket"": ""MEDIUM"", ""seller_score"": 4.15, ""estimated_cost_price"": 3476.32}",INR,4395,245,43
858,"{""fulfillment"": ""Seller Fulfilled"", ""inventory_bucket"": ""LOW"", ""seller_score"": 4.22, ""estimated_cost_price"": 3272.56}",INR,4000,245,34
859,"{""fulfillment"": ""Fast Delivery"", ""inventory_bucket"": ""HIGH"", ""seller_score"": 3.86, ""estimated_cost_price"": 1131.22}",INR,1304,246,27
860,"{""fulfillment"": ""Next Day"", ""inventory_bucket"": ""MEDIUM"", ""seller_score"": 4.12, ""estimated_cost_price"": 1220.62}",INR,1474,246,26
861,"{""fulfillment"": ""Seller Fulfilled"", ""inventory_bucket"": ""MEDIUM"", ""seller_score"": 4.12, ""estimated_cost_price"": 1034.34}",INR,1323,246,11
862,"{""fulfillment"": ""Fast Delivery"", ""inventory_bucket"": ""LOW"", ""seller_score"": 4.03, ""estimated_cost_price"": 1118.15}",INR,1283,246,8
863,"{""fulfillment"": ""Next Day"", ""inventory_bucket"": ""LOW"", ""seller_score"": 4.83, ""estimated_cost_price"": 3471.19}",INR,4032,247,20
864,"{""fulfillment"": ""Standard Delivery"", ""inventory_bucket"": ""HIGH"", ""seller_score"": 4.64, ""estimated_cost_price"": 3879.53}",INR,4325,247,28
865,"{""fulfillment"": ""Fast Delivery"", ""inventory_bucket"": ""HIGH"", ""seller_score"": 4.76, ""estimated_cost_price"": 3754.62}",INR,4606,247,53
866,"{""fulfillment"": ""Seller Fulfilled"", ""inventory_bucket"": ""MEDIUM"", ""seller_score"": 4.38, ""estimated_cost_price"": 712.19}",INR,853,248,18
867,"{""fulfillment"": ""Fast Delivery"", ""inventory_bucket"": ""HIGH"", ""seller_score"": 4.49, ""estimated_cost_price"": 764.64}",INR,947,248,13
868,"{""fulfillment"": ""Standard Delivery"", ""inventory_bucket"": ""HIGH"", ""seller_score"": 4.45, ""estimated_cost_price"": 704.79}",INR,792,248,1
869,"{""fulfillment"": ""Next Day"", ""inventory_bucket"": ""MEDIUM"", ""seller_score"": 4.08, ""estimated_cost_price"": 785.43}",INR,983,248,10
870,"{""fulfillment"": ""Next Day"", ""inventory_bucket"": ""HIGH"", ""seller_score"": 3.82, ""estimated_cost_price"": 823.18}",INR,1024,248,29
871,"{""fulfillment"": ""Standard Delivery"", ""inventory_bucket"": ""HIGH"", ""seller_score"": 4.37, ""estimated_cost_price"": 197.38}",INR,236,249,48
872,"{""fulfillment"": ""Next Day"", ""inventory_bucket"": ""MEDIUM"", ""seller_score"": 4.16, ""estimated_cost_price"": 170.6}",INR,214,249,6
873,"{""fulfillment"": ""Fast Delivery"", ""inventory_bucket"": ""MEDIUM"", ""seller_score"": 3.88, ""estimated_cost_price"": 1524.37}",INR,1858,250,26
874,"{""fulfillment"": ""Fast Delivery"", ""inventory_bucket"": ""LOW"", ""seller_score"": 4.08, ""estimated_cost_price"": 1446.41}",INR,1790,250,40
875,"{""fulfillment"": ""Next Day"", ""inventory_bucket"": ""MEDIUM"", ""seller_score"": 4.32, ""estimated_cost_price"": 1219.52}",INR,1441,250,53
876,"{""fulfillment"": ""Next Day"", ""inventory_bucket"": ""HIGH"", ""seller_score"": 4.34, ""estimated_cost_price"": 1401.16}",INR,1754,250,52
877,"{""fulfillment"": ""Next Day"", ""inventory_bucket"": ""HIGH"", ""seller_score"": 4.75, ""estimated_cost_price"": 4135.36}",INR,5213,251,45
878,"{""fulfillment"": ""Seller Fulfilled"", ""inventory_bucket"": ""LOW"", ""seller_score"": 4.34, ""estimated_cost_price"": 4441.58}",INR,5633,251,37
879,"{""fulfillment"": ""Fast Delivery"", ""inventory_bucket"": ""MEDIUM"", ""seller_score"": 4.69, ""estimated_cost_price"": 4439.77}",INR,5464,251,7
880,"{""fulfillment"": ""Fast Delivery"", ""inventory_bucket"": ""MEDIUM"", ""seller_score"": 4.15, ""estimated_cost_price"": 112.87}",INR,126,252,43
881,"{""fulfillment"": ""Next Day"", ""inventory_bucket"": ""HIGH"", ""seller_score"": 4.37, ""estimated_cost_price"": 80.34}",INR,94,252,5
882,"{""fulfillment"": ""Seller Fulfilled"", ""inventory_bucket"": ""MEDIUM"", ""seller_score"": 4.62, ""estimated_cost_price"": 102.61}",INR,119,252,45
883,"{""fulfillment"": ""Seller Fulfilled"", ""inventory_bucket"": ""LOW"", ""seller_score"": 4.53, ""estimated_cost_price"": 83.65}",INR,93,252,47
884,"{""fulfillment"": ""Fast Delivery"", ""inventory_bucket"": ""HIGH"", ""seller_score"": 3.9, ""estimated_cost_price"": 1132.54}",INR,1360,253,27
885,"{""fulfillment"": ""Seller Fulfilled"", ""inventory_bucket"": ""MEDIUM"", ""seller_score"": 4.35, ""estimated_cost_price"": 1193.76}",INR,1518,253,29
886,"{""fulfillment"": ""Seller Fulfilled"", ""inventory_bucket"": ""LOW"", ""seller_score"": 4.22, ""estimated_cost_price"": 1102.95}",INR,1304,253,11
887,"{""fulfillment"": ""Next Day"", ""inventory_bucket"": ""MEDIUM"", ""seller_score"": 4.64, ""estimated_cost_price"": 1084.87}",INR,1295,253,17
888,"{""fulfillment"": ""Next Day"", ""inventory_bucket"": ""LOW"", ""seller_score"": 4.88, ""estimated_cost_price"": 2165.19}",INR,2389,254,48
889,"{""fulfillment"": ""Seller Fulfilled"", ""inventory_bucket"": ""MEDIUM"", ""seller_score"": 4.3, ""estimated_cost_price"": 2103.67}",INR,2376,254,26
890,"{""fulfillment"": ""Seller Fulfilled"", ""inventory_bucket"": ""HIGH"", ""seller_score"": 4.56, ""estimated_cost_price"": 2345.91}",INR,2618,254,55
891,"{""fulfillment"": ""Fast Delivery"", ""inventory_bucket"": ""MEDIUM"", ""seller_score"": 4.84, ""estimated_cost_price"": 2011.66}",INR,2350,254,13
892,"{""fulfillment"": ""Fast Delivery"", ""inventory_bucket"": ""HIGH"", ""seller_score"": 4.68, ""estimated_cost_price"": 2083.66}",INR,2363,255,32
893,"{""fulfillment"": ""Next Day"", ""inventory_bucket"": ""LOW"", ""seller_score"": 4.29, ""estimated_cost_price"": 2139.39}",INR,2431,255,30
894,"{""fulfillment"": ""Next Day"", ""inventory_bucket"": ""MEDIUM"", ""seller_score"": 4.07, ""estimated_cost_price"": 2412.11}",INR,2607,255,5
895,"{""fulfillment"": ""Fast Delivery"", ""inventory_bucket"": ""LOW"", ""seller_score"": 4.69, ""estimated_cost_price"": 2428.05}",INR,2710,255,6
896,"{""fulfillment"": ""Seller Fulfilled"", ""inventory_bucket"": ""HIGH"", ""seller_score"": 4.15, ""estimated_cost_price"": 2649.77}",INR,2952,255,36
897,"{""fulfillment"": ""Seller Fulfilled"", ""inventory_bucket"": ""HIGH"", ""seller_score"": 4.81, ""estimated_cost_price"": 319.49}",INR,383,256,12
898,"{""fulfillment"": ""Next Day"", ""inventory_bucket"": ""LOW"", ""seller_score"": 4.82, ""estimated_cost_price"": 306.06}",INR,389,256,19
899,"{""fulfillment"": ""Seller Fulfilled"", ""inventory_bucket"": ""HIGH"", ""seller_score"": 4.29, ""estimated_cost_price"": 635.59}",INR,689,257,43
900,"{""fulfillment"": ""Standard Delivery"", ""inventory_bucket"": ""LOW"", ""seller_score"": 4.16, ""estimated_cost_price"": 667.21}",INR,793,257,49
901,"{""fulfillment"": ""Fast Delivery"", ""inventory_bucket"": ""MEDIUM"", ""seller_score"": 4.24, ""estimated_cost_price"": 2248.4}",INR,2725,258,23
902,"{""fulfillment"": ""Seller Fulfilled"", ""inventory_bucket"": ""HIGH"", ""seller_score"": 4.25, ""estimated_cost_price"": 2146.25}",INR,2596,258,12
903,"{""fulfillment"": ""Seller Fulfilled"", ""inventory_bucket"": ""MEDIUM"", ""seller_score"": 4.52, ""estimated_cost_price"": 1823.78}",INR,2297,258,14
904,"{""fulfillment"": ""Standard Delivery"", ""inventory_bucket"": ""MEDIUM"", ""seller_score"": 4.23, ""estimated_cost_price"": 2323.38}",INR,2692,258,46
905,"{""fulfillment"": ""Seller Fulfilled"", ""inventory_bucket"": ""HIGH"", ""seller_score"": 4.1, ""estimated_cost_price"": 2658.97}",INR,2904,258,3
906,"{""fulfillment"": ""Next Day"", ""inventory_bucket"": ""LOW"", ""seller_score"": 4.54, ""estimated_cost_price"": 454.24}",INR,537,259,4
907,"{""fulfillment"": ""Fast Delivery"", ""inventory_bucket"": ""MEDIUM"", ""seller_score"": 4.37, ""estimated_cost_price"": 497.87}",INR,572,259,50
908,"{""fulfillment"": ""Next Day"", ""inventory_bucket"": ""LOW"", ""seller_score"": 4.07, ""estimated_cost_price"": 2995.69}",INR,3647,260,13
909,"{""fulfillment"": ""Seller Fulfilled"", ""inventory_bucket"": ""MEDIUM"", ""seller_score"": 4.85, ""estimated_cost_price"": 2986.68}",INR,3793,260,6
910,"{""fulfillment"": ""Fast Delivery"", ""inventory_bucket"": ""HIGH"", ""seller_score"": 4.46, ""estimated_cost_price"": 2663.59}",INR,2888,260,2
